package	bookworm	trixie
adduser	3.134	3.152
apt	2.6.1	3.0.3
base-files	12.4+deb12u15	13.8+deb13u7
base-passwd	3.6.1	3.6.7
bash	5.2.15-2+b13	5.2.37-2+b10
binutils	2.40-2	2.44-3
binutils-common:amd64	2.40-2	2.44-3
binutils-x86-64-linux-gnu	2.40-2	2.44-3
bsdutils	1:2.38.1-5+deb12u3	1:2.41.5-0+deb13u1
build-essential	12.9	12.12
bzip2	1.0.8-5+b1	1.0.8-6
ca-certificates	20250419~deb12u1	20250419
coreutils	9.1-1	9.7-3
cpp	4:12.2.0-3	4:14.2.0-1
cpp-12	12.2.0-14+deb12u1	NOT INSTALLED
cpp-14	NOT INSTALLED	14.2.0-19
cpp-14-x86-64-linux-gnu	NOT INSTALLED	14.2.0-19
cpp-x86-64-linux-gnu	NOT INSTALLED	4:14.2.0-1
dash	0.5.12-2	0.5.12-12
dbus	1.14.10-1~deb12u1	NOT INSTALLED
dbus-bin	1.14.10-1~deb12u1	NOT INSTALLED
dbus-daemon	1.14.10-1~deb12u1	NOT INSTALLED
dbus-session-bus-common	1.14.10-1~deb12u1	NOT INSTALLED
dbus-system-bus-common	1.14.10-1~deb12u1	NOT INSTALLED
debconf	1.5.82	1.5.91
debian-archive-keyring	2023.3+deb12u2	2025.1
debianutils	5.7-0.5~deb12u1	5.23.2
diffutils	1:3.8-4	1:3.10-4
distro-info-data	0.58+deb12u7	NOT INSTALLED
dmsetup	2:1.02.185-2	NOT INSTALLED
dpkg	1.21.23	1.22.22
dpkg-dev	1.21.23	1.22.22
e2fsprogs	1.47.0-2+b2	NOT INSTALLED
findutils	4.9.0-4	4.10.0-3
fontconfig	2.14.1-4	2.15.0-2.3
fontconfig-config	2.14.1-4	2.15.0-2.3
fonts-dejavu-core	2.37-6	2.37-8
fonts-dejavu-mono	NOT INSTALLED	2.37-8
fonts-noto-cjk	1:20220127+repack1-1	1:20240730+repack1-1
g++	4:12.2.0-3	4:14.2.0-1
g++-12	12.2.0-14+deb12u1	NOT INSTALLED
g++-14	NOT INSTALLED	14.2.0-19
g++-14-x86-64-linux-gnu	NOT INSTALLED	14.2.0-19
g++-x86-64-linux-gnu	NOT INSTALLED	4:14.2.0-1
gcc	4:12.2.0-3	4:14.2.0-1
gcc-12	12.2.0-14+deb12u1	NOT INSTALLED
gcc-12-base:amd64	12.2.0-14+deb12u1	NOT INSTALLED
gcc-14	NOT INSTALLED	14.2.0-19
gcc-14-base:amd64	NOT INSTALLED	14.2.0-19
gcc-14-x86-64-linux-gnu	NOT INSTALLED	14.2.0-19
gcc-x86-64-linux-gnu	NOT INSTALLED	4:14.2.0-1
gir1.2-glib-2.0:amd64	1.74.0-3	NOT INSTALLED
gir1.2-packagekitglib-1.0	1.2.6-5+deb12u1	NOT INSTALLED
git	1:2.39.5-0+deb12u3	1:2.47.3-0+deb13u1
git-man	1:2.39.5-0+deb12u3	1:2.47.3-0+deb13u1
gpg	2.2.40-1.1+deb12u2	NOT INSTALLED
gpgconf	2.2.40-1.1+deb12u2	NOT INSTALLED
gpgv	2.2.40-1.1+deb12u2	NOT INSTALLED
grep	3.8-5	3.11-4
gzip	1.12-1	1.13-1+deb13u1
hostname	3.23+nmu1	3.25
init-system-helpers	1.65.2+deb12u1	1.69~deb13u1
iso-codes	4.15.0-1	NOT INSTALLED
libacl1:amd64	2.3.1-3	2.3.2-2+b1
libapparmor1:amd64	3.0.8-3	NOT INSTALLED
libappstream4:amd64	0.16.1-2+b1	NOT INSTALLED
libapt-pkg6.0:amd64	2.6.1	NOT INSTALLED
libapt-pkg7.0:amd64	NOT INSTALLED	3.0.3
libargon2-1:amd64	0~20171227-0.3+deb12u1	NOT INSTALLED
libasan8:amd64	12.2.0-14+deb12u1	14.2.0-19
libassuan0:amd64	2.5.5-5	NOT INSTALLED
libatomic1:amd64	12.2.0-14+deb12u1	14.2.0-19
libattr1:amd64	1:2.5.1-4	1:2.5.2-3
libaudit-common	1:3.0.9-1	1:4.0.2-2+deb13u1
libaudit1:amd64	1:3.0.9-1	1:4.0.2-2+deb13u1
libbinutils:amd64	2.40-2	2.44-3
libblkid1:amd64	2.38.1-5+deb12u3	2.41.5-0+deb13u1
libbrotli1:amd64	1.0.9-2+b6	1.1.0-2+b7
libbsd0:amd64	NOT INSTALLED	0.12.2-2
libbz2-1.0:amd64	1.0.8-5+b1	1.0.8-6
libc-bin	2.36-9+deb12u14	2.41-12+deb13u4
libc-dev-bin	2.36-9+deb12u14	2.41-12+deb13u4
libc6-dev:amd64	2.36-9+deb12u14	2.41-12+deb13u4
libc6:amd64	2.36-9+deb12u14	2.41-12+deb13u4
libcap-ng0:amd64	0.8.3-1+b3	0.8.5-4+b1
libcap2-bin	1:2.66-4+deb12u3+b1	NOT INSTALLED
libcap2:amd64	1:2.66-4+deb12u3+b1	1:2.75-10+deb13u1+b3
libcc1-0:amd64	12.2.0-14+deb12u1	14.2.0-19
libcom-err2:amd64	1.47.0-2+b2	1.47.2-3+b12
libcrypt-dev:amd64	1:4.4.33-2	1:4.4.38-1
libcrypt1:amd64	1:4.4.33-2	1:4.4.38-1
libcryptsetup12:amd64	2:2.6.1-4~deb12u2	NOT INSTALLED
libctf-nobfd0:amd64	2.40-2	2.44-3
libctf0:amd64	2.40-2	2.44-3
libcurl3-gnutls:amd64	7.88.1-10+deb12u15	NOT INSTALLED
libcurl3t64-gnutls:amd64	NOT INSTALLED	8.14.1-2+deb13u5
libdb5.3:amd64	5.3.28+dfsg2-1	NOT INSTALLED
libdb5.3t64:amd64	NOT INSTALLED	5.3.28+dfsg2-9
libdbus-1-3:amd64	1.14.10-1~deb12u1	NOT INSTALLED
libdebconfclient0:amd64	0.270	0.280
libdevmapper1.02.1:amd64	2:1.02.185-2	NOT INSTALLED
libdpkg-perl	1.21.23	1.22.22
libduktape207:amd64	2.7.0-2	NOT INSTALLED
libdw1:amd64	0.188-2.1	NOT INSTALLED
libelf1:amd64	0.188-2.1	NOT INSTALLED
liberror-perl	0.17029-2	0.17030-1
libevent-2.1-7:amd64	2.1.12-stable-8+deb12u1	NOT INSTALLED
libevent-2.1-7t64:amd64	NOT INSTALLED	2.1.13-stable-1~deb13u1
libexpat1-dev:amd64	2.5.0-1+deb12u3	2.8.3-1~deb13u1
libexpat1:amd64	2.5.0-1+deb12u3	2.8.3-1~deb13u1
libext2fs2:amd64	1.47.0-2+b2	NOT INSTALLED
libfdisk1:amd64	2.38.1-5+deb12u3	NOT INSTALLED
libffi8:amd64	3.4.4-1	3.4.8-2
libfontconfig1:amd64	2.14.1-4	2.15.0-2.3
libfreetype6:amd64	2.12.1+dfsg-5+deb12u4	2.13.3+dfsg-1+deb13u1
libgcc-12-dev:amd64	12.2.0-14+deb12u1	NOT INSTALLED
libgcc-14-dev:amd64	NOT INSTALLED	14.2.0-19
libgcc-s1:amd64	12.2.0-14+deb12u1	14.2.0-19
libgcrypt20:amd64	1.10.1-3+deb12u1	NOT INSTALLED
libgdbm-compat4:amd64	1.23-3	NOT INSTALLED
libgdbm-compat4t64:amd64	NOT INSTALLED	1.24-2
libgdbm6:amd64	1.23-3	NOT INSTALLED
libgdbm6t64:amd64	NOT INSTALLED	1.24-2
libgirepository-1.0-1:amd64	1.74.0-3	NOT INSTALLED
libglib2.0-0:amd64	2.74.6-2+deb12u9	NOT INSTALLED
libglib2.0-bin	2.74.6-2+deb12u9	NOT INSTALLED
libglib2.0-data	2.74.6-2+deb12u9	NOT INSTALLED
libgmp-dev:amd64	2:6.2.1+dfsg1-1.1	2:6.3.0+dfsg-3
libgmp10:amd64	2:6.2.1+dfsg1-1.1	2:6.3.0+dfsg-3
libgmpxx4ldbl:amd64	2:6.2.1+dfsg1-1.1	2:6.3.0+dfsg-3
libgnutls-dane0:amd64	3.7.9-2+deb12u7	NOT INSTALLED
libgnutls-dane0t64:amd64	NOT INSTALLED	3.8.9-3+deb13u4
libgnutls-openssl27:amd64	3.7.9-2+deb12u7	NOT INSTALLED
libgnutls-openssl27t64:amd64	NOT INSTALLED	3.8.9-3+deb13u4
libgnutls28-dev:amd64	3.7.9-2+deb12u7	3.8.9-3+deb13u4
libgnutls30:amd64	3.7.9-2+deb12u7	NOT INSTALLED
libgnutls30t64:amd64	NOT INSTALLED	3.8.9-3+deb13u4
libgnutlsxx30:amd64	3.7.9-2+deb12u7	NOT INSTALLED
libgomp1:amd64	12.2.0-14+deb12u1	14.2.0-19
libgpg-error0:amd64	1.46-1	NOT INSTALLED
libgprofng0:amd64	2.40-2	2.44-3
libgssapi-krb5-2:amd64	1.20.1-2+deb12u5	1.21.3-5+deb13u1
libgstreamer1.0-0:amd64	1.22.0-2+deb12u1	NOT INSTALLED
libhogweed6:amd64	3.8.1-2	NOT INSTALLED
libhogweed6t64:amd64	NOT INSTALLED	3.10.1-1
libhwasan0:amd64	NOT INSTALLED	14.2.0-19
libicu72:amd64	72.1-3+deb12u1	NOT INSTALLED
libidn2-0:amd64	2.3.3-1+b1	2.3.8-2
libidn2-dev:amd64	2.3.3-1+b1	2.3.8-2
libip4tc2:amd64	1.8.9-2	NOT INSTALLED
libisl23:amd64	0.25-1.1	0.27-1
libitm1:amd64	12.2.0-14+deb12u1	14.2.0-19
libjansson4:amd64	2.14-2	2.14-2+b3
libjs-sphinxdoc	5.3.0-4	8.1.3-5
libjson-c5:amd64	0.16-2	NOT INSTALLED
libk5crypto3:amd64	1.20.1-2+deb12u5	1.21.3-5+deb13u1
libkeyutils1:amd64	1.6.3-2	1.6.3-6
libkmod2:amd64	30+20221128-1	NOT INSTALLED
libkrb5-3:amd64	1.20.1-2+deb12u5	1.21.3-5+deb13u1
libkrb5support0:amd64	1.20.1-2+deb12u5	1.21.3-5+deb13u1
liblastlog2-2:amd64	NOT INSTALLED	2.41.5-0+deb13u1
libldap-2.5-0:amd64	2.5.13+dfsg-5	NOT INSTALLED
libldap2:amd64	NOT INSTALLED	2.6.10+dfsg-1
liblsan0:amd64	12.2.0-14+deb12u1	14.2.0-19
liblz4-1:amd64	1.9.4-1	1.10.0-4
liblzma5:amd64	5.4.1-1+deb12u2	5.8.1-1+deb13u1
libmd0:amd64	1.0.4-2	1.1.0-2+b1
libmount1:amd64	2.38.1-5+deb12u3	2.41.5-0+deb13u1
libmpc3:amd64	1.3.1-1	1.3.1-1+b3
libmpfr6:amd64	4.2.0-1	4.2.2-1
libncursesw6:amd64	6.4-4	6.5+20250216-2
libnettle8:amd64	3.8.1-2	NOT INSTALLED
libnettle8t64:amd64	NOT INSTALLED	3.10.1-1
libnghttp2-14:amd64	1.52.0-1+deb12u3	1.64.0-1.1+deb13u1
libnghttp3-9:amd64	NOT INSTALLED	1.8.0-1
libngtcp2-16:amd64	NOT INSTALLED	1.11.0-1+deb13u1
libngtcp2-crypto-gnutls8:amd64	NOT INSTALLED	1.11.0-1+deb13u1
libnsl-dev:amd64	1.3.0-2	NOT INSTALLED
libnsl2:amd64	1.3.0-2	NOT INSTALLED
libp11-kit-dev:amd64	0.24.1-2	0.25.5-3
libp11-kit0:amd64	0.24.1-2	0.25.5-3
libpackagekit-glib2-18:amd64	1.2.6-5+deb12u1	NOT INSTALLED
libpam-modules-bin	1.5.2-6+deb12u2	1.7.0-5
libpam-modules:amd64	1.5.2-6+deb12u2	1.7.0-5
libpam-runtime	1.5.2-6+deb12u2	1.7.0-5
libpam-systemd:amd64	252.39-1~deb12u2	NOT INSTALLED
libpam0g:amd64	1.5.2-6+deb12u2	1.7.0-5
libpcre2-8-0:amd64	10.42-1+deb12u1	10.46-1~deb13u2
libperl5.36:amd64	5.36.0-7+deb12u3	NOT INSTALLED
libperl5.40:amd64	NOT INSTALLED	5.40.1-6+deb13u1
libpng16-16:amd64	1.6.39-2+deb12u5	NOT INSTALLED
libpng16-16t64:amd64	NOT INSTALLED	1.6.48-1+deb13u5
libpolkit-agent-1-0:amd64	122-3	NOT INSTALLED
libpolkit-gobject-1-0:amd64	122-3	NOT INSTALLED
libpq5:amd64	15.19-0+deb12u1	17.11-0+deb13u1
libpsl5:amd64	0.21.2-1	NOT INSTALLED
libpsl5t64:amd64	NOT INSTALLED	0.21.2-1.1+b1
libpython3-dev:amd64	3.11.2-1+b1	3.13.5-1
libpython3-stdlib:amd64	3.11.2-1+b1	3.13.5-1
libpython3.11-dev:amd64	3.11.2-6+deb12u8	NOT INSTALLED
libpython3.11-minimal:amd64	3.11.2-6+deb12u8	NOT INSTALLED
libpython3.11-stdlib:amd64	3.11.2-6+deb12u8	NOT INSTALLED
libpython3.11:amd64	3.11.2-6+deb12u8	NOT INSTALLED
libpython3.13-dev:amd64	NOT INSTALLED	3.13.5-2+deb13u5
libpython3.13-minimal:amd64	NOT INSTALLED	3.13.5-2+deb13u5
libpython3.13-stdlib:amd64	NOT INSTALLED	3.13.5-2+deb13u5
libpython3.13:amd64	NOT INSTALLED	3.13.5-2+deb13u5
libquadmath0:amd64	12.2.0-14+deb12u1	14.2.0-19
libreadline8:amd64	8.2-1.3	NOT INSTALLED
libreadline8t64:amd64	NOT INSTALLED	8.2-6
librtmp1:amd64	2.4+20151223.gitfa8646d.1-2+b2	2.4+20151223.gitfa8646d.1-2+b5
libsasl2-2:amd64	2.1.28+dfsg-10	2.1.28+dfsg1-9
libsasl2-modules-db:amd64	2.1.28+dfsg-10	2.1.28+dfsg1-9
libsasl2-modules-gssapi-mit:amd64	2.1.28+dfsg-10	2.1.28+dfsg1-9
libsasl2-modules:amd64	2.1.28+dfsg-10	2.1.28+dfsg1-9
libseccomp2:amd64	2.5.4-1+deb12u1	2.6.0-2
libselinux1:amd64	3.4-1+b6	3.8.1-1
libsemanage-common	3.4-1	3.8.1-1
libsemanage2:amd64	3.4-1+b5	3.8.1-1
libsepol2:amd64	3.4-2.1	3.8.1-1
libsframe1:amd64	NOT INSTALLED	2.44-3
libsmartcols1:amd64	2.38.1-5+deb12u3	2.41.5-0+deb13u1
libsqlite3-0:amd64	3.40.1-2+deb12u2	3.46.1-7+deb13u2
libss2:amd64	1.47.0-2+b2	NOT INSTALLED
libssh2-1:amd64	1.10.0-3+deb12u1	NOT INSTALLED
libssh2-1t64:amd64	NOT INSTALLED	1.11.1-1+deb13u2
libssl3:amd64	3.0.20-1~deb12u2	NOT INSTALLED
libssl3t64:amd64	NOT INSTALLED	3.5.7-1~deb13u2
libstdc++-12-dev:amd64	12.2.0-14+deb12u1	NOT INSTALLED
libstdc++-14-dev:amd64	NOT INSTALLED	14.2.0-19
libstdc++6:amd64	12.2.0-14+deb12u1	14.2.0-19
libstemmer0d:amd64	2.2.0-2	NOT INSTALLED
libsystemd-shared:amd64	252.39-1~deb12u2	NOT INSTALLED
libsystemd0:amd64	252.39-1~deb12u2	257.13-1~deb13u1
libtasn1-6-dev:amd64	4.19.0-2+deb12u1	4.20.0-2+deb13u1
libtasn1-6:amd64	4.19.0-2+deb12u1	4.20.0-2+deb13u1
libtinfo6:amd64	6.4-4	6.5+20250216-2
libtirpc-common	1.3.3+ds-1	NOT INSTALLED
libtirpc-dev:amd64	1.3.3+ds-1	NOT INSTALLED
libtirpc3:amd64	1.3.3+ds-1	NOT INSTALLED
libtsan2:amd64	12.2.0-14+deb12u1	14.2.0-19
libubsan1:amd64	12.2.0-14+deb12u1	14.2.0-19
libudev1:amd64	252.39-1~deb12u2	257.13-1~deb13u1
libunbound8:amd64	1.17.1-2+deb12u4	1.26.1-0+deb13u1
libunistring2:amd64	1.0-2	NOT INSTALLED
libunistring5:amd64	NOT INSTALLED	1.3-2
libunwind8:amd64	1.6.2-3	NOT INSTALLED
libuuid1:amd64	2.38.1-5+deb12u3	2.41.5-0+deb13u1
libxml2:amd64	2.9.14+dfsg-1.3~deb12u6	NOT INSTALLED
libxmlb2:amd64	0.3.22-1~deb12u1	NOT INSTALLED
libxxhash0:amd64	0.8.1-1	0.8.3-2
libyaml-0-2:amd64	0.2.5-1	NOT INSTALLED
libzstd1:amd64	1.5.4+dfsg2-5	1.5.7+dfsg-1
linux-libc-dev	NOT INSTALLED	6.12.107-1
linux-libc-dev:amd64	6.1.187-1	NOT INSTALLED
login	1:4.13+dfsg1-1+deb12u2	1:4.16.0-2+really2.41.5-0+deb13u1
login.defs	NOT INSTALLED	1:4.17.4-2
logsave	1.47.0-2+b2	NOT INSTALLED
lsb-release	12.0-1	NOT INSTALLED
make	4.3-4.1	4.4.1-2
mawk	1.3.4.20200120-3.1	1.3.4.20250131-1
media-types	10.0.0	13.0.0
mount	2.38.1-5+deb12u3	2.41.5-0+deb13u1
ncurses-base	6.4-4	6.5+20250216-2
ncurses-bin	6.4-4	6.5+20250216-2
netbase	NOT INSTALLED	6.5
nettle-dev:amd64	3.8.1-2	3.10.1-1
openssl	3.0.20-1~deb12u2	3.5.7-1~deb13u2
openssl-provider-legacy	NOT INSTALLED	3.5.7-1~deb13u2
packagekit	1.2.6-5+deb12u1	NOT INSTALLED
passwd	1:4.13+dfsg1-1+deb12u2	1:4.17.4-2
patch	2.7.6-7	2.8-2
perl	5.36.0-7+deb12u3	5.40.1-6+deb13u1
perl-base	5.36.0-7+deb12u3	5.40.1-6+deb13u1
perl-modules-5.36	5.36.0-7+deb12u3	NOT INSTALLED
perl-modules-5.40	NOT INSTALLED	5.40.1-6+deb13u1
polkitd	122-3	NOT INSTALLED
python-apt-common	2.6.0	NOT INSTALLED
python3	3.11.2-1+b1	3.13.5-1
python3-apt	2.6.0	NOT INSTALLED
python3-blinker	1.5-1	NOT INSTALLED
python3-cffi-backend:amd64	1.15.1-5+b1	NOT INSTALLED
python3-cryptography	38.0.4-3+deb12u1	NOT INSTALLED
python3-dbus	1.3.2-4+b1	NOT INSTALLED
python3-dev	3.11.2-1+b1	3.13.5-1
python3-distro	1.8.0-1	NOT INSTALLED
python3-distutils	3.11.2-3	NOT INSTALLED
python3-gi	3.42.2-3+b1	NOT INSTALLED
python3-httplib2	0.20.4-3+deb12u1	NOT INSTALLED
python3-jwt	2.6.0-1+deb12u1	NOT INSTALLED
python3-lazr.restfulclient	0.14.5-1	NOT INSTALLED
python3-lazr.uri	1.0.6-3	NOT INSTALLED
python3-lib2to3	3.11.2-3	NOT INSTALLED
python3-minimal	3.11.2-1+b1	3.13.5-1
python3-oauthlib	3.2.2-1	NOT INSTALLED
python3-pip-whl	23.0.1+dfsg-1	25.1.1+dfsg-1
python3-pkg-resources	66.1.1-1+deb12u2	NOT INSTALLED
python3-psycopg2	2.9.5-1+b1	2.9.10-1+b1
python3-pyparsing	3.0.9-1	NOT INSTALLED
python3-setuptools-whl	66.1.1-1+deb12u2	78.1.1-0.1
python3-six	1.16.0-4	NOT INSTALLED
python3-software-properties	0.99.30-4.1~deb12u1	NOT INSTALLED
python3-venv	3.11.2-1+b1	3.13.5-1
python3-wadllib	1.3.6-4	NOT INSTALLED
python3.11	3.11.2-6+deb12u8	NOT INSTALLED
python3.11-dev	3.11.2-6+deb12u8	NOT INSTALLED
python3.11-minimal	3.11.2-6+deb12u8	NOT INSTALLED
python3.11-venv	3.11.2-6+deb12u8	NOT INSTALLED
python3.13	NOT INSTALLED	3.13.5-2+deb13u5
python3.13-dev	NOT INSTALLED	3.13.5-2+deb13u5
python3.13-minimal	NOT INSTALLED	3.13.5-2+deb13u5
python3.13-venv	NOT INSTALLED	3.13.5-2+deb13u5
readline-common	8.2-1.3	8.2-6
sed	4.9-1+deb12u1	4.9-2+deb13u1
sgml-base	1.31	NOT INSTALLED
software-properties-common	0.99.30-4.1~deb12u1	NOT INSTALLED
sqv	NOT INSTALLED	1.3.0-3+b2
systemd	252.39-1~deb12u2	NOT INSTALLED
systemd-sysv	252.39-1~deb12u2	NOT INSTALLED
sysvinit-utils	3.06-4	3.14-4
tar	1.34+dfsg-1.2+deb12u1	1.35+dfsg-3.1
tzdata	2026b-0+deb12u1	2026c-0+deb13u1
unzip	6.0-28+deb12u1	6.0-29+deb13u1
usr-is-merged	37~deb12u1	NOT INSTALLED
util-linux	2.38.1-5+deb12u3	2.41.5-0+deb13u1
util-linux-extra	2.38.1-5+deb12u3	NOT INSTALLED
xml-core	0.18+nmu1	NOT INSTALLED
xz-utils	5.4.1-1+deb12u2	5.8.1-1+deb13u1
zlib1g-dev:amd64	1:1.2.13.dfsg-1	1:1.3.dfsg+really1.3.1-1+b1
zlib1g:amd64	1:1.2.13.dfsg-1	1:1.3.dfsg+really1.3.1-1+b1
