name,country_code,lat,lon,population
Madrid,ES,40.4165,-3.70256,3255944
Barcelona,ES,41.38879,2.15899,1686208
Valencia,ES,39.47391,-0.37966,824340
Zaragoza,ES,41.65606,-0.87734,686986
Sevilla,ES,37.38283,-5.97317,686741
Málaga,ES,36.72016,-4.42034,592346
Murcia,ES,37.98704,-1.13004,471982
Palma,ES,39.56939,2.65024,438234
Las Palmas de Gran Canaria,ES,28.10178,-15.41573,383516
Alicante,ES,38.34517,-0.48149,348901
Bilbao,ES,43.26271,-2.92528,347342
Córdoba,ES,37.89155,-4.77275,325708
Valladolid,ES,41.65541,-4.72353,300618
Vigo,ES,42.23282,-8.72264,293642
Gijón,ES,43.53573,-5.66152,271780
Eixample,ES,41.38896,2.16179,266477
Gasteiz / Vitoria,ES,42.84998,-2.67268,257407
L'Hospitalet de Llobregat,ES,41.35967,2.10028,257038
Latina,ES,40.38897,-3.74569,256644
Carabanchel,ES,40.39094,-3.7242,253678
A Coruña,ES,43.37135,-8.396,250438
Puente de Vallecas,ES,40.39354,-3.662,244151
Fuencarral,ES,40.5,-3.68333,238765
Sant Martí,ES,41.41814,2.19933,235719
Elche,ES,38.26218,-0.70107,234765
Granada,ES,37.18817,-3.60667,233532
Ciudad Lineal,ES,40.44505,-3.65132,228171
Fuencarral-El Pardo,ES,40.4984,-3.7314,220085
Oviedo,ES,43.36029,-5.84476,220027
Terrassa,ES,41.56667,2.01667,218535
Badalona,ES,41.45004,2.24741,217741
Cartagena,ES,37.60197,-0.98397,213943
Jerez de la Frontera,ES,36.68645,-6.13606,212879
Sabadell,ES,41.54329,2.10942,211734
Santa Cruz de Tenerife,ES,28.46824,-16.25462,211359
Pamplona,ES,42.81687,-1.64323,208243
Móstoles,ES,40.32234,-3.86496,207095
Almería,ES,36.83814,-2.45974,196851
Alcalá de Henares,ES,40.48205,-3.35996,193751
Fuenlabrada,ES,40.28419,-3.79415,190496
Leganés,ES,40.32718,-3.7635,188425
Getafe,ES,40.30571,-3.73295,187525
Donostia / San Sebastián,ES,43.31283,-1.97499,185357
Sants-Montjuïc,ES,41.37263,2.1546,183120
Burgos,ES,42.34106,-3.70184,176418
Santander,ES,43.46589,-3.80493,173635
Albacete,ES,38.99424,-1.85643,173050
Alcorcón,ES,40.34582,-3.82487,172384
Castelló de la Plana,ES,39.98567,-0.04935,171857
Horta-Guinardó,ES,41.41849,2.1677,168092
Nou Barris,ES,41.44163,2.17727,166310
Hortaleza,ES,40.47444,-3.6411,161661
San Blas-Canillejas,ES,40.43893,-3.61537,157367
Marbella,ES,36.51543,-4.88583,156295
Tetuán de las Victorias,ES,40.45975,-3.6975,155000
Logroño,ES,42.46615,-2.45115,151164
La Laguna,ES,28.4853,-16.32014,150661
Badajoz,ES,38.87789,-6.97061,150530
Madrid Centro,ES,40.41831,-3.70275,149718
Arganzuela,ES,40.40021,-3.69618,148797
Sarrià-Sant Gervasi,ES,41.40104,2.1394,147912
Salamanca,ES,40.42972,-3.67975,147707
Chamberí,ES,40.43404,-3.70379,145934
Salamanca,ES,40.96882,-5.66388,144825
Huelva,ES,37.26638,-6.94004,144258
Sant Andreu,ES,41.43541,2.18982,142598
Tarragona,ES,41.11905,1.24544,141542
Usera,ES,40.38866,-3.70035,141189
Lleida,ES,41.61674,0.62218,140797
Chamartín,ES,40.46206,-3.6766,140000
Mataró,ES,41.54211,2.4445,126988
Villaverde,ES,40.35,-3.7,126802
Retiro,ES,40.41317,-3.68307,126058
León,ES,42.60003,-5.57032,124772
Telde,ES,27.99243,-15.41915,123265
Dos Hermanas,ES,37.28287,-5.92088,122943
Gràcia,ES,41.40237,2.15641,121502
Algeciras,ES,36.13326,-5.45051,121414
Santa Coloma de Gramenet,ES,41.45152,2.2081,118821
Torrejón de Ardoz,ES,40.45535,-3.46973,118162
Cadiz,ES,36.52672,-6.2891,116979
Moncloa-Aravaca,ES,40.43547,-3.7317,116531
Alcobendas,ES,40.54746,-3.64197,116037
Parla,ES,40.23604,-3.76752,115611
Jaén,ES,37.76922,-3.79028,113457
Delicias,ES,41.64928,-0.90757,110520
Ourense,ES,42.33669,-7.86407,105233
Moratalaz,ES,40.40742,-3.64935,104923
Reus,ES,41.15612,1.10687,103477
Ciutat Vella,ES,41.38022,2.17319,102347
Orihuela,ES,38.08483,-0.94401,101321
Barakaldo,ES,43.29639,-2.98813,100435
Girona,ES,41.98311,2.82493,100266
Santiago de Compostela,ES,42.88052,-8.54569,99536
Lugo,ES,43.00992,-7.55602,98025
Cáceres,ES,39.47649,-6.37224,96068
Las Rozas de Madrid,ES,40.49292,-3.87371,95550
San Fernando,ES,36.4759,-6.19817,95174
Roquetas de Mar,ES,36.76419,-2.61475,94925
Guadalajara,ES,40.62862,-3.16185,93470
Lorca,ES,37.67119,-1.7017,93079
Talavera de la Reina,ES,39.96348,-4.83076,88856
Centro,ES,28.1272,-15.4314,88546
El Puerto de Santa María,ES,36.59389,-6.23298,88364
Cornellà de Llobregat,ES,41.35,2.08333,87173
Toledo,ES,39.8581,-4.02263,86526
Melilla,ES,35.29369,-2.93833,85985
El Ejido,ES,36.77629,-2.81456,84710
Chiclana de la Frontera,ES,36.41976,-6.14367,83831
Ceuta,ES,35.88919,-5.32042,83179
Pontevedra,ES,42.431,-8.64435,82802
Algorta,ES,43.34927,-3.0094,82624
Torrevieja,ES,37.97872,-0.68222,82599
Sant Boi de Llobregat,ES,41.34357,2.03659,82428
Pozuelo de Alarcón,ES,40.43293,-3.81338,82428
Les Corts,ES,41.38712,2.13007,82270
Coslada,ES,40.42378,-3.56129,81860
Getxo,ES,43.35689,-3.01146,80770
Mijas,ES,36.59575,-4.63728,80630
Sant Cugat del Vallès,ES,41.47063,2.08611,79253
Avilés,ES,43.55473,-5.92483,78715
Palencia,ES,42.00955,-4.52406,78629
Arona,ES,28.09962,-16.68102,78614
Torrent,ES,39.43705,-0.46546,78543
Manresa,ES,41.72815,1.82399,76250
San Sebastián de los Reyes,ES,40.55555,-3.62733,75912
Valdemoro,ES,40.19081,-3.67887,74745
Ciudad Real,ES,38.98626,-3.92907,74743
Vélez-Málaga,ES,36.78107,-4.10266,74190
Gandia,ES,38.96667,-0.18333,73829
Rubí,ES,41.49226,2.03305,72987
Santa Lucía,ES,27.91174,-15.54071,71863
Fuengirola,ES,36.53998,-4.62473,71482
Benidorm,ES,38.53816,-0.13098,70450
Alcalá de Guadaira,ES,37.33791,-5.83951,70155
Valdefuentes,ES,40.49367,-3.6359,69176
Ponferrada,ES,42.54664,-6.59619,68736
Rivas-Vaciamadrid,ES,40.32605,-3.51089,68405
Majadahonda,ES,40.47353,-3.87182,68110
Sanlúcar de Barrameda,ES,36.77808,-6.3515,68037
Campiña,ES,38.21896,-2.98069,67904
Estepona,ES,36.42764,-5.14589,67012
Ferrol,ES,43.48451,-8.23293,66799
Aluche,ES,40.39191,-3.75669,66588
Vicálvaro,ES,40.4,-3.6,66439
Castelldefels,ES,41.27794,1.97033,66375
Viladecans,ES,41.31405,2.01427,66168
Sagunto,ES,39.68333,-0.26667,66070
Vilanova i la Geltrú,ES,41.22392,1.72511,65890
Torremolinos,ES,36.62035,-4.49976,65448
Villa de Vallecas,ES,40.36695,-3.60146,65162
Valverde,ES,40.50024,-3.67877,64757
La Línea de la Concepción,ES,36.16809,-5.34777,64595
Molina de Segura,ES,38.05456,-1.20763,64065
Paterna,ES,39.50263,-0.44079,64023
El Prat de Llobregat,ES,41.32784,2.09472,63418
Collado-Villalba,ES,40.63506,-4.00486,63074
Pueblo Nuevo,ES,40.42629,-3.63546,62840
Grao de Murviedro,ES,39.64167,-0.23889,62368
Irun,ES,43.33904,-1.78938,61983
Zamora,ES,41.50633,-5.74456,61827
Alcoy,ES,38.70545,-0.47432,61552
Arrecife,ES,28.96302,-13.54769,61351
Granollers,ES,41.60797,2.28773,60981
Motril,ES,36.75066,-3.5179,60592
Gamonal,ES,42.35664,-3.67321,60000
Santutxu,ES,43.25347,-2.9161,60000
Mérida,ES,38.91802,-6.34292,59857
Benalmádena,ES,36.5961,-4.57267,58854
Cerdanyola del Vallès,ES,41.49109,2.14079,58747
la Nova Esquerra de l'Eixample,ES,41.38309,2.149,57676
Ávila,ES,40.65724,-4.69951,57657
Linares,ES,38.09519,-3.63602,57414
Barri de Sant Andreu,ES,41.43693,2.19022,56818
San Vicent del Raspeig,ES,38.3964,-0.5255,56715
Torrelavega,ES,43.34943,-4.04785,55297
Elda,ES,38.47783,-0.79157,55168
Cuenca,ES,40.06667,-2.13333,54898
Aranjuez,ES,40.03108,-3.60246,54055
Huesca,ES,42.13615,-0.4087,53956
San Bartolomé de Tirajana,ES,27.92481,-15.57329,53588
Vallecas,ES,40.38333,-3.61667,53208
Boadilla del Monte,ES,40.405,-3.87835,52626
Utrera,ES,37.18516,-5.78093,52617
Mollet del Vallès,ES,41.54026,2.21306,52484
Pinar del Rey,ES,40.4724,-3.64709,52031
Puertollano,ES,38.68712,-4.10734,51842
Calvià,ES,39.5657,2.50621,51774
Segovia,ES,40.94808,-4.11839,51683
Sagrada Família,ES,41.40408,2.17332,51623
Arganda,ES,40.30076,-3.43722,51489
Las Águilas,ES,40.3818,-3.77109,51268
la Vila de Gràcia,ES,41.40315,2.15687,50928
Vila-real,ES,39.9383,-0.10087,50577
Ventas,ES,40.42248,-3.64741,50218
Ibiza,ES,38.90883,1.43296,49727
Buenavista,ES,40.36709,-3.74608,49151
Numancia,ES,40.3995,-3.65853,48720
Vista Alegre,ES,40.38432,-3.74575,47427
Sant Gervasi - Galvany,ES,41.3975,2.14301,47043
Santurtzi,ES,43.32842,-3.03248,46978
Barri de les Corts,ES,41.38697,2.13472,46412
Figueres,ES,42.26645,2.96163,46381
Esplugues de Llobregat,ES,41.37732,2.08809,46355
Embajadores,ES,40.40924,-3.70246,46204
Mislata,ES,39.47523,-0.41825,46131
Gavà,ES,41.30605,2.00123,45994
Mairena del Aljarafe,ES,37.34461,-6.06391,45890
Portugalete,ES,43.32099,-3.02064,45826
el Raval,ES,41.38042,2.1686,45671
Pilar,ES,40.47714,-3.70959,45610
Antequera,ES,37.01938,-4.56123,45168
San Diego,ES,40.39003,-3.66787,45104
Lavapiés,ES,40.40804,-3.70131,44630
Alzira,ES,39.15,-0.43333,44393
Peña Grande,ES,40.47456,-3.72236,44341
Mieres,ES,43.25,-5.76667,44070
Llefià,ES,41.43806,2.2195,43827
Dreta de l'Eixample,ES,41.39606,2.16688,43715
Colmenar Viejo,ES,40.65909,-3.76762,43700
Pinto,ES,40.24147,-3.69999,43501
Barajas de Madrid,ES,40.47366,-3.57777,43423
Puerta del Angel,ES,40.40969,-3.73181,43292
Adeje,ES,28.12271,-16.726,43204
Palomeras Sureste,ES,40.38524,-3.63726,43162
Sant Feliu de Llobregat,ES,41.38333,2.05,42919
Basauri,ES,43.2397,-2.8858,42657
Manacor,ES,39.56964,3.20955,42631
Lucena,ES,37.40881,-4.48522,42248
Guindalera,ES,40.43633,-3.66658,41964
Tres Cantos,ES,40.60092,-3.70806,41896
l'Antiga Esquerra de l'Eixample,ES,41.38939,2.15517,41872
La Orotava,ES,28.39076,-16.52309,41833
Denia,ES,38.84078,0.10574,41733
Alcantarilla,ES,37.96939,-1.21714,41084
Poble Sec,ES,41.37452,2.16326,40906
Sants,ES,41.37426,2.13826,40831
Palomeras Bajas,ES,40.38476,-3.65888,40477
Casco Histórico de Vallecas,ES,40.34852,-3.61621,40417
San Isidro,ES,40.3966,-3.72833,40368
Puerto Real,ES,36.52819,-6.19011,40183
Plasencia,ES,40.03116,-6.08845,40141
Blanes,ES,41.67419,2.79036,40047
Granadilla de Abona,ES,28.11882,-16.57599,39993
Sama,ES,43.29568,-5.68416,39984
Écija,ES,37.5422,-5.0826,39882
Vic,ES,41.93012,2.25486,39844
Canillas,ES,40.46396,-3.63625,39786
San Fernando de Henares,ES,40.42386,-3.53261,39466
Miranda de Ebro,ES,42.6865,-2.94695,39264
Soria,ES,41.76401,-2.46883,39112
Igualada,ES,41.58098,1.6172,38918
Errenteria,ES,43.31195,-1.90234,38767
Rincón de la Victoria,ES,36.71715,-4.27583,38666
Burjassot,ES,39.50984,-0.41327,38433
Vilafranca del Penedès,ES,41.34618,1.69713,38425
Ripollet,ES,41.49686,2.15739,38347
el Camp de l'Arpa del Clot,ES,41.41204,2.18247,38343
Sant Antoni,ES,41.37857,2.15937,38182
Los Rosales,ES,40.35572,-3.68855,37808
Ontinyent,ES,38.82191,-0.60603,37735
Narón,ES,43.50175,-8.19082,37712
Vilagarcía de Arousa,ES,42.59631,-8.76426,37576
Lloret de Mar,ES,41.69993,2.84565,37350
Andújar,ES,38.03922,-4.05077,37113
Don Benito,ES,38.95627,-5.86162,37010
Ronda,ES,36.74231,-5.16709,36827
Los Palacios y Villafranca,ES,37.16181,-5.92433,36824
Puerta Bonita,ES,40.37966,-3.73909,36798
Lucero,ES,40.40229,-3.75035,36749
Marratxí,ES,39.62142,2.7253,36725
Sant Adrià de Besòs,ES,41.43073,2.21855,36669
Los Realejos,ES,28.38487,-16.58275,36405
Arucas,ES,28.11983,-15.52325,36259
Teruel,ES,40.3456,-1.10646,36240
el Guinardó,ES,41.41885,2.17364,36176
Tomelloso,ES,39.15759,-3.02156,36091
Llucmajor,ES,39.49093,2.89108,36078
Acacias,ES,40.40107,-3.70726,36069
Maspalomas,ES,27.76056,-15.58602,36065
Prosperidad,ES,40.44427,-3.66926,36027
Realejo Alto,ES,28.37645,-16.58575,35963
La Rinconada,ES,37.48613,-5.98091,35928
El Vendrell,ES,41.21667,1.53333,35821
Mirasierra,ES,40.49631,-3.71957,35676
Puerto del Rosario,ES,28.50038,-13.86272,35667
Torre-Pacheco,ES,37.74293,-0.95396,35614
Oleiros,ES,43.33333,-8.31667,35559
Casco Histórico de Vicálvaro,ES,40.39241,-3.57015,35519
Entrevías,ES,40.37846,-3.6739,35399
Villena,ES,38.6373,-0.86568,35222
Mazarrón,ES,37.5992,-1.31493,35221
Tortosa,ES,40.81249,0.5216,35143
Alhaurín de la Torre,ES,36.66401,-4.56139,35114
Yecla,ES,38.61365,-1.11468,35025
San Pedro Alcántara,ES,36.48839,-4.99123,34922
Cieza,ES,38.23998,-1.41987,34889
Los Angeles,ES,40.35579,-3.69914,34827
Cuatro Caminos,ES,40.44682,-3.70347,34753
Tudela,ES,42.06166,-1.60452,34717
Azuqueca de Henares,ES,40.56566,-3.26753,34685
Úbeda,ES,38.01328,-3.3705,34602
Burriana,ES,39.88901,-0.08499,34544
Águilas,ES,37.4063,-1.58289,34533
el Camp d'en Grassot i Gràcia Nova,ES,41.40634,2.16503,34356
el Poblenou,ES,41.40392,2.20413,34151
Opañel,ES,40.39023,-3.72178,33883
Villajoyosa,ES,38.50754,-0.23346,33797
Olot,ES,42.18096,2.49012,33524
Almendralejo,ES,38.68316,-6.40747,33468
Montcada i Reixac,ES,41.48333,2.18333,33453
Aranda de Duero,ES,41.67041,-3.6892,33187
Pacífico,ES,40.40435,-3.67873,33027
Universidad,ES,40.42567,-3.70707,32783
Cambrils,ES,41.06997,1.05949,32422
Puerto de la Cruz,ES,28.41686,-16.55085,32219
La Paz,ES,40.48116,-3.69659,32192
Sant Joan Despí,ES,41.36718,2.0574,32030
Castro-Urdiales,ES,43.38285,-3.22043,31977
Galapagar,ES,40.5783,-4.00426,31820
Santa Pola,ES,38.19165,-0.5658,31760
Fort Pienc,ES,41.39458,2.17946,31693
Abrantes,ES,40.37898,-3.72617,31691
Aldaia,ES,39.46569,-0.46005,31492
Hispanoamérica,ES,40.45537,-3.67711,31470
San Javier,ES,37.80626,-0.83736,31432
Arroyomolinos,ES,40.26951,-3.91946,31396
El Carmel,ES,41.41758,2.15914,31377
Santa Eulària des Riu,ES,38.98457,1.53409,31314
Carballo,ES,43.213,-8.69104,31261
Arcos de la Frontera,ES,36.75075,-5.81056,31210
Leioa,ES,43.32686,-2.98884,31197
Valdepeñas,ES,38.76211,-3.38483,31147
Barberà del Vallès,ES,41.5159,2.12457,31144
Hellín,ES,38.5106,-1.70096,30976
San Andrés del Rabanedo,ES,42.61174,-5.61671,30820
Rosas,ES,40.42752,-3.59426,30751
Alcázar de San Juan,ES,39.39011,-3.20827,30686
Coria del Río,ES,37.28766,-6.0541,30657
Salt,ES,41.97489,2.79281,30622
Manises,ES,39.49139,-0.46349,30508
Valdezarza,ES,40.46525,-3.7173,30484
la Marina de Port,ES,41.36,2.13986,30397
Camargo,ES,43.40744,-3.88498,30263
Puente-Genil,ES,37.38943,-4.76686,30241
Oliver-Valdefierro,ES,41.64454,-0.93349,30228
Culleredo,ES,43.28788,-8.38858,30221
Xirivella,ES,39.46588,-0.42589,30002
Atamaría,ES,37.59989,-0.80682,30000
Pinar de Chamartín,ES,40.47903,-3.66836,30000
Puerto del Carmen,ES,28.92313,-13.66579,30000
Arteixo,ES,43.30482,-8.50749,29762
Goya,ES,40.42505,-3.67442,29477
Xàtiva,ES,38.99042,-0.51852,29386
Bellas Vistas,ES,40.45245,-3.70763,29355
Alaquàs,ES,39.45568,-0.461,29341
Ingenio,ES,27.91855,-15.43433,29319
Inca,ES,39.7211,2.91093,29308
el Putxet i el Farró,ES,41.40693,2.14392,29278
la Verneda i la Pau,ES,41.42399,2.20304,29250
San Roque,ES,36.20983,-5.38452,29249
Galdakao,ES,43.23073,-2.8429,29226
Totana,ES,37.7688,-1.50229,29211
Redondela,ES,42.28337,-8.6096,29194
Ciutadella,ES,40.00112,3.84144,29160
Maó,ES,39.88853,4.26583,29125
Canillejas,ES,40.44838,-3.60849,29067
Crevillente,ES,38.24994,-0.80975,28957
Agüimes,ES,27.90539,-15.44609,28924
Sueca,ES,39.2026,-0.31114,28908
Rota,ES,36.62364,-6.35997,28848
Portazgo,ES,40.39061,-3.64824,28841
Simancas,ES,40.43533,-3.6251,28765
La Sagrera,ES,41.42271,2.18589,28710
Carmona,ES,37.47125,-5.64608,28620
Camas,ES,37.40202,-6.03314,28620
Delicias,ES,40.39673,-3.68996,28575
Oliva,ES,38.91971,-0.11935,28419
Sant Pere de Ribes,ES,41.26045,1.77391,28353
Vinaròs,ES,40.47033,0.47559,28273
Durango,ES,43.17124,-2.6338,28229
Javea,ES,38.78333,0.16667,28016
Sant Vicenç dels Horts,ES,41.39317,2.00689,27901
El Campello,ES,38.42885,-0.39774,27893
Martorell,ES,41.47402,1.93062,27850
Morón de la Frontera,ES,37.12084,-5.45403,27844
Almuñécar,ES,36.73246,-3.69173,27696
Sitges,ES,41.23506,1.81193,27668
Villaviciosa de Odón,ES,40.3581,-3.9043,27596
Ribeira,ES,42.73809,-8.44106,27518
Sestao,ES,43.30975,-3.00716,27445
Aravaca,ES,40.45772,-3.78282,27445
Eibar,ES,43.18493,-2.47158,27406
Premià de Mar,ES,41.49206,2.36524,27399
Algemesí,ES,39.19042,-0.43572,27285
El Viso,ES,40.44626,-3.68411,27274
Rios Rosas,ES,40.44239,-3.69773,27163
Novelda,ES,38.38479,-0.76773,27135
Santa Uxía de Ribeira,ES,42.55352,-8.99094,27067
Catarroja,ES,39.4,-0.4,27035
el Clot,ES,41.40986,2.19053,26928
Salou,ES,41.07663,1.14163,26775
Pineda de Mar,ES,41.62763,2.6889,26659
Benicarló,ES,40.4165,0.42709,26655
Villarrobledo,ES,39.26992,-2.60119,26642
Horta,ES,41.43628,2.15725,26597
Moscardó,ES,40.389,-3.70682,26579
Valdeacederas,ES,40.46702,-3.70416,26573
Níjar,ES,36.96655,-2.20595,26516
Lebrija,ES,36.92077,-6.07529,26434
Caravaca,ES,38.10558,-1.86343,26415
Sant Andreu de la Barca,ES,41.44659,1.97187,26401
Sant Martí de Provençals,ES,41.4202,2.19632,26169
la Prosperitat,ES,41.44269,2.182,26166
Marroquina,ES,40.41073,-3.64061,26120
Marín,ES,42.39145,-8.70136,25969
Lepe,ES,37.25482,-7.20433,25886
La Oliva,ES,28.61052,-13.92912,25884
Almassora,ES,39.94729,-0.06313,25831
Almozara,ES,41.66124,-0.90169,25767
La Bonanova,ES,41.40585,2.13243,25761
Villanueva de la Serena,ES,38.97655,-5.7974,25759
Almonte,ES,37.2647,-6.51667,25751
Cangas do Morrazo,ES,42.26413,-8.78463,25748
Berruguete,ES,40.45962,-3.70496,25694
Jumilla,ES,38.47917,-1.325,25685
el Baix Guinardó,ES,41.41175,2.16784,25563
Vilapicina i la Torre Llobeta,ES,41.42861,2.1741,25522
Quart de Poblet,ES,39.48139,-0.43937,25499
Quintana,ES,40.43701,-3.64507,25469
Arcos,ES,40.42122,-3.61759,25354
Palos de Moguer,ES,40.40351,-3.69468,25097
Valls,ES,41.28612,1.24993,25092
Santa Perpètua de Mogoda,ES,41.53333,2.18333,25048
Argüelles,ES,40.42821,-3.71785,24997
Onda,ES,39.96495,-0.26041,24850
Iturrama,ES,42.80847,-1.65825,24846
Sarrià,ES,41.40269,2.1162,24819
Calahorra,ES,42.30506,-1.96521,24787
Martos,ES,37.72107,-3.97264,24655
Trafalgar,ES,40.43285,-3.70113,24621
Porta,ES,41.4349,2.17883,24604
Almansa,ES,38.86917,-1.09713,24537
Nueva España,ES,40.46276,-3.67813,24476
Barri Gòtic,ES,41.38364,2.17628,24460
Adra,ES,36.74831,-3.02076,24373
Sants - Badal,ES,41.37471,2.12775,24344
Candelaria,ES,28.3548,-16.37268,24319
Calafell,ES,41.19997,1.5683,24265
Erandio,ES,43.30438,-2.97352,24262
Alboraya,ES,39.5,-0.35,24222
Gáldar,ES,28.14701,-15.6502,24209
Arapiles,ES,40.4344,-3.70803,24190
Cullera,ES,39.16667,-0.25,24121
Ibi,ES,38.62533,-0.57225,24113
Molins de Rei,ES,41.41667,2.01667,24067
la Maternitat i Sant Ramon,ES,41.38125,2.11744,24058
Castellar del Vallès,ES,41.61667,2.08333,24036
Icod de los Vinos,ES,28.37241,-16.71188,24024
Santa Eugenia,ES,40.38344,-3.61135,23876
Altea,ES,38.59878,-0.05151,23780
San Pedro del Pinatar,ES,37.83568,-0.79102,23738
San Fermín,ES,40.37059,-3.68912,23598
Tacoronte,ES,28.47688,-16.41016,23562
Paiporta,ES,39.42814,-0.41765,23519
Los Barrios,ES,36.18482,-5.49213,23513
Palacio,ES,40.41542,-3.71407,23501
Baza,ES,37.49073,-2.77259,23359
El Masnou,ES,41.47978,2.3188,23340
Calp,ES,38.6447,0.0445,23326
Alhaurín el Grande,ES,36.643,-4.68728,23319
Olesa de Montserrat,ES,41.54372,1.89407,23301
el Besòs i el Maresme,ES,41.41309,2.21736,23254
Cambre,ES,43.29438,-8.34736,23231
Ponteareas,ES,42.17476,-8.50398,23172
Orcasitas,ES,40.36863,-3.71242,23085
Almenara,ES,40.47066,-3.69431,23057
Montilla,ES,37.58627,-4.63805,23031
Llíria,ES,39.62894,-0.59783,22972
Gaztambide,ES,40.43498,-3.71461,22959
"Sant Pere, Santa Caterina i La Ribera",ES,41.3845,2.18152,22856
Vícar,ES,36.83155,-2.64273,22853
Almendrales,ES,40.38368,-3.69931,22834
Alcalá la Real,ES,37.4614,-3.92301,22783
Tomares,ES,37.37281,-6.04589,22772
Comillas,ES,40.3935,-3.71196,22721
Estrella,ES,40.41409,-3.66553,22649
Zarautz,ES,43.28444,-2.16992,22627
Priego de Córdoba,ES,37.43807,-4.19523,22585
Barbate,ES,36.19237,-5.92186,22551
Primer Ensanche,ES,42.81483,-1.64898,22538
Segundo Ensanche,ES,42.8139,-1.64295,22538
Mutxamel,ES,38.4158,-0.44529,22510
Mejorada del Campo,ES,40.39283,-3.48194,22488
Conil de la Frontera,ES,36.27719,-6.0885,22427
Imperial,ES,40.40619,-3.71836,22385
Palafrugell,ES,41.91738,3.1631,22365
Ciempozuelos,ES,40.15913,-3.62103,22132
Navas,ES,41.41803,2.18596,22059
Arrasate / Mondragón,ES,43.06441,-2.48977,22019
Carrizal,ES,27.91161,-15.40558,22000
Ribarroja del Turia,ES,39.54595,-0.57069,21992
Torre del Mar,ES,36.742,-4.09291,21980
Sant Feliu de Guíxols,ES,41.78333,3.03333,21977
Sant Joan d'Alacant,ES,38.40148,-0.43623,21939
Costillares,ES,40.47665,-3.66852,21914
Moncada,ES,39.54555,-0.39551,21900
Coín,ES,36.65947,-4.75639,21866
Esparreguera,ES,41.53809,1.87025,21855
Sant Antoni de Portmany,ES,38.98068,1.30362,21852
Nerja,ES,36.75278,-3.8744,21811
Torrelodones,ES,40.57654,-3.92658,21781
Laguna de Duero,ES,41.58151,-4.72332,21762
Carcaixent,ES,39.1218,-0.44812,21735
Mogán,ES,27.88385,-15.72538,21690
Navalcarnero,ES,40.28908,-4.01197,21584
Loja,ES,37.16887,-4.15129,21574
Medina del Campo,ES,41.31239,-4.91413,21540
Ibiza,ES,40.41888,-3.67434,21492
Pilar de la Horadada,ES,37.86591,-0.79256,21418
Armilla,ES,37.14386,-3.62534,21380
Cabra,ES,37.47249,-4.44206,21352
Isla Cristina,ES,37.2,-7.31667,21324
Butarque,ES,40.33719,-3.6763,21316
Cártama,ES,36.71068,-4.63297,21313
Illescas,ES,40.12213,-3.84704,21264
Amposta,ES,40.70995,0.57856,21240
Palma del Río,ES,37.70024,-5.28121,21159
Las Torres de Cotillas,ES,38.02822,-1.24188,21062
l'Alfàs del Pi,ES,38.58055,-0.10321,21011
La Felguera,ES,43.3075,-5.69092,21000
Lista,ES,40.43202,-3.67583,20969
Concepción,ES,40.43932,-3.64928,20941
Fuente del Berro,ES,40.42478,-3.66379,20929
Baena,ES,37.6167,-4.32245,20915
Ayamonte,ES,37.21329,-7.40807,20883
Vila-seca,ES,41.11118,1.14764,20866
Alfafar,ES,39.41667,-0.38333,20853
Pájara,ES,28.35039,-14.1076,20821
Maracena,ES,37.20764,-3.63493,20815
San Juan de Aznalfarache,ES,37.35813,-6.03731,20779
Vilassar de Mar,ES,41.50507,2.39227,20764
Bétera,ES,39.59111,-0.46151,20740
A Estrada,ES,42.68911,-8.48842,20661
Manlleu,ES,42.00228,2.28476,20647
Castillejos,ES,40.46041,-3.69413,20570
Almoradí,ES,38.10879,-0.79197,20542
Guía de Isora,ES,28.21154,-16.77947,20536
Mairena del Alcor,ES,37.37301,-5.74951,20510
Rojales,ES,38.08799,-0.72544,20510
La Pobla de Vallbona,ES,39.59747,-0.55468,20431
Provenals del Poblenou,ES,41.41109,2.2026,20306
Requena,ES,39.48834,-1.10044,20227
Hernani,ES,43.26615,-1.97615,20222
Algete,ES,40.59711,-3.49743,20204
Aspe,ES,38.34511,-0.76721,20180
Los Llanos de Aridane,ES,28.65851,-17.91821,20171
Lalín,ES,42.66085,-8.11285,20158
Barañáin,ES,42.80567,-1.67731,20039
Calatayud,ES,41.35353,-1.64318,20035
Montecanal,ES,41.62965,-0.93873,20000
Natahoyo,ES,43.54035,-5.68233,20000
Alhama de Murcia,ES,37.85103,-1.42507,19860
Vallehermoso,ES,40.44289,-3.71124,19853
Tías,ES,28.96108,-13.64502,19849
Alcúdia,ES,39.85316,3.12138,19793
Picassent,ES,39.3635,-0.45949,19786
Marchena,ES,37.329,-5.41681,19768
Chopera,ES,40.39476,-3.69907,19761
Campamento,ES,40.38644,-3.79818,19750
Alameda de Osuna,ES,40.45178,-3.58667,19685
Banyoles,ES,42.11667,2.76667,19615
Moguer,ES,37.27559,-6.83851,19569
El Arahal,ES,37.26273,-5.5453,19565
Monforte de Lemos,ES,42.52165,-7.51422,19546
San Isidro,ES,28.07617,-16.558,19541
Legazpi,ES,40.38884,-3.68715,19468
Teguise,ES,29.06049,-13.56397,19418
Almagro,ES,40.43285,-3.69354,19418
Chipiona,ES,36.73663,-6.43703,19386
Lora del Río,ES,37.65896,-5.52751,19352
Roses,ES,42.26199,3.17689,19319
El Viso del Alcor,ES,37.39106,-5.71993,19191
Manzanares,ES,38.99915,-3.36991,19186
Benavente,ES,42.00249,-5.67826,19119
El Goloso,ES,40.55342,-3.69968,19036
Puçol,ES,39.61667,-0.3,19018
Moaña,ES,42.27807,-8.73921,19014
Zubia,ES,37.11906,-3.584,18995
Silla,ES,39.36257,-0.41169,18979
Burlata,ES,42.82562,-1.61671,18934
Boiro,ES,42.64725,-8.88459,18883
Adelfas,ES,40.40112,-3.67097,18832
Bailén,ES,38.09639,-3.77786,18785
Calella,ES,41.61381,2.65423,18728
Guadix,ES,37.29932,-3.13922,18718
Bormujos,ES,37.37358,-6.07233,18590
Daimiel,ES,39.07004,-3.61498,18527
San Bartolomé,ES,29.00093,-13.613,18517
Ciudad Jardín,ES,40.4483,-3.673,18513
La Bordeta,ES,41.37397,2.14377,18505
Malgrat de Mar,ES,41.64662,2.74135,18472
Sant Quirze del Vallès,ES,41.53333,2.08333,18462
San Pascual,ES,40.44286,-3.65346,18327
Santa Brígida,ES,28.03197,-15.50425,18314
Laudio / Llodio,ES,43.14322,-2.96204,18314
Felanitx,ES,39.4696,3.14831,18270
San Martín de la Vega,ES,40.20735,-3.57063,18256
Justicia,ES,40.42366,-3.69666,18219
Archena,ES,38.11631,-1.30043,18202
Tavernes de la Valldigna,ES,39.07195,-0.26623,18195
Tarifa,ES,36.01393,-5.60695,18169
El Astillero,ES,43.40094,-3.82051,18108
Humanes de Madrid,ES,40.25038,-3.83062,18098
Benicàssim,ES,40.05,0.06667,18055
L'Eliana,ES,39.56667,-0.53333,18050
Tolosa,ES,43.13484,-2.07801,18044
Nigrán,ES,42.14153,-8.80656,18021
Son Rapinya,ES,39.58932,2.61899,17993
Aljaraque,ES,37.26989,-7.02313,17960
Callosa de Segura,ES,38.12497,-0.87822,17924
Cartaya,ES,37.28114,-7.15071,17905
Cármenes,ES,40.40149,-3.73593,17903
Palamós,ES,41.84843,3.12912,17898
San Lorenzo de El Escorial,ES,40.59144,-4.14738,17889
Pradolongo,ES,40.37814,-3.70712,17878
la Nucia,ES,38.61372,-0.1269,17874
Osuna,ES,37.2376,-5.10311,17851
Oria,ES,43.25541,-2.01873,17842
Amorebieta,ES,43.21667,-2.73333,17842
Teo,ES,42.795,-8.548,17807
Lasarte,ES,43.26774,-2.02169,17782
Arroyo de la Miel,ES,36.59917,-4.53505,17763
La Unión,ES,37.61915,-0.87799,17737
Utebo,ES,41.70826,-0.99916,17677
Pozoblanco,ES,38.37906,-4.84827,17669
Güimar,ES,28.31122,-16.41276,17662
Huercal-Overa,ES,37.38918,-1.943,17645
Parets del Vallès,ES,41.57481,2.23306,17632
Porriño,ES,42.16156,-8.6198,17475
Valdebernardo,ES,40.40072,-3.62133,17471
Rejas,ES,40.44509,-3.57016,17389
Fontarrón,ES,40.40141,-3.64678,17333
Ejea de los Caballeros,ES,42.12632,-1.13716,17331
Media Legua,ES,40.41189,-3.65682,17323
La Pineda,ES,41.07699,1.17891,17305
Vilaseca,ES,42.06174,2.25528,17305
San Cristobal,ES,40.34077,-3.68843,17270
Tui,ES,42.04713,-8.64435,17262
Pollença,ES,39.87678,3.01626,17260
Navalmoral de la Mata,ES,39.89158,-5.54064,17228
Sanxenxo,ES,42.39996,-8.80698,17212
Ermitagaña,ES,42.81084,-1.66409,17163
Berga,ES,42.10429,1.84628,17160
Playa del Ingles,ES,27.7567,-15.5787,17158
Castilleja de la Cuesta,ES,37.38594,-6.05258,17150
Albolote,ES,37.23088,-3.6551,17089
Castilla,ES,40.47431,-3.67972,17046
Monzón,ES,41.91084,0.19406,17042
Poio,ES,42.44775,-8.68594,17018
Villaquilambre,ES,42.64685,-5.55835,17013
Ubrique,ES,36.67777,-5.446,16979
Mula,ES,38.04095,-1.49014,16941
Bermeo,ES,43.42088,-2.72152,16937
Barbastro,ES,42.03565,0.12686,16924
Castellana,ES,40.43355,-3.68429,16919
Torrox,ES,36.75793,-3.95233,16890
Caldes de Montbui,ES,41.63333,2.16667,16885
Vinateros,ES,40.40525,-3.64249,16885
Sant Celoni,ES,41.68921,2.48965,16860
Balaguer,ES,41.79117,0.81094,16841
Villanueva de la Cañada,ES,40.44689,-4.00428,16804
Cardedeu,ES,41.63976,2.35739,16596
Tàrrega,ES,41.64704,1.13957,16539
Las Tres Torres,ES,41.39989,2.12931,16532
Hondarribia,ES,43.36859,-1.79622,16458
Zafra,ES,38.42539,-6.41734,16424
Alcañiz,ES,41.05,-0.13333,16392
Las Cabezas de San Juan,ES,36.9838,-5.93933,16379
Las Gabias,ES,37.13548,-3.67029,16369
Ciudad Universitaria,ES,40.45595,-3.73839,16364
Guardamar del Segura,ES,38.09031,-0.65556,16329
La Algaba,ES,37.46325,-6.01113,16301
Yaiza,ES,28.95678,-13.76535,16289
Baeza,ES,37.99384,-3.47103,16253
Ermua,ES,43.18725,-2.50261,16252
Gernika-Lumo,ES,43.31667,-2.68333,16244
Viveiro,ES,43.66228,-7.59344,16238
Montijo,ES,38.90839,-6.61785,16236
Seseña,ES,40.10473,-3.69793,16231
Mungia,ES,43.35461,-2.84524,16209
San Miguel De Abona,ES,28.09826,-16.61708,16179
La Roda,ES,39.20735,-2.15723,16060
El Grao,ES,39.97358,0.01284,16026
Canovelles,ES,41.61667,2.28333,16023
Pasaia,ES,43.3253,-1.92707,15990
Corvera de Asturias,ES,43.53554,-5.88893,15955
Hostafrancs,ES,41.37694,2.14306,15954
Barrio de Peral,ES,37.62513,-0.98792,15937
El Escorial,ES,40.58254,-4.12846,15842
Sant Just Desvern,ES,41.38389,2.06758,15811
Santa Cruz de la Palma,ES,28.68351,-17.76421,15674
Los Alcázares,ES,37.74425,-0.85041,15674
Tarancón,ES,40.00851,-3.00731,15651
les Roquetes,ES,41.44809,2.17519,15633
Vallcarca,ES,41.41209,2.14394,15571
el Turó de la Peira,ES,41.43232,2.16895,15554
Carlet,ES,39.2266,-0.52142,15527
La Solana,ES,38.94422,-3.2381,15523
Sant Carles de la Ràpita,ES,40.61667,0.6,15511
Montornès del Vallès,ES,41.54206,2.26748,15509
Recoletos,ES,40.4246,-3.68582,15444
Albal,ES,39.4,-0.41667,15443
Apostol Santiago,ES,40.4764,-3.65942,15435
Santafé,ES,37.18856,-3.71887,15430
Atarfe,ES,37.22479,-3.68686,15399
Piera,ES,41.52232,1.75076,15362
Tordera,ES,41.69914,2.71888,15345
Santomera,ES,38.06147,-1.04877,15319
Miguelturra,ES,38.96442,-3.89047,15316
Benetússer,ES,39.42265,-0.39686,15313
Arenys de Mar,ES,41.5819,2.54936,15307
La Carolina,ES,38.27559,-3.61535,15306
Torredembarra,ES,41.14505,1.39861,15272
la Barceloneta,ES,41.3799,2.18971,15212
Massamagrell,ES,39.56667,-0.33333,15210
la Guineueta,ES,41.43884,2.16893,15147
Sant Agustí,ES,39.55065,2.59741,15136
Niño Jesús,ES,40.41161,-3.67343,15093
Villanueva del Pardillo,ES,40.49014,-3.96383,15087
Piovera,ES,40.45572,-3.63509,15041
Berja,ES,36.84693,-2.94966,15035
Cehegín,ES,38.09242,-1.7985,15022
Béjar,ES,40.38641,-5.76341,15007
Campo de Criptana,ES,39.40463,-3.12492,15006
la Garriga,ES,41.68333,2.28333,14991
Puerto Lumbreras,ES,37.56329,-1.80974,14981
el Parc i la Llacuna del Poblenou,ES,41.3986,2.1903,14950
Huércal de Almería,ES,36.88507,-2.4376,14937
Vecindario,ES,27.84636,-15.44455,14910
Guadarrama,ES,40.6727,-4.08949,14800
Azpeitia,ES,43.18246,-2.26693,14786
Sarriguren,ES,42.81292,-1.59815,14779
Punta Umbría,ES,37.18213,-6.96605,14708
Bergara,ES,43.1151,-2.4175,14707
Andoain,ES,43.21658,-2.0253,14679
Mos,ES,43.16122,-7.54324,14650
Santa Marta de Tormes,ES,40.95065,-5.62723,14630
Torre del Campo,ES,37.77051,-3.89731,14627
Teulada,ES,38.7294,0.10383,14620
Cangas del Narcea,ES,43.18333,-6.55,14589
Sada,ES,43.35619,-8.25796,14487
Arnedo,ES,42.228,-2.10083,14457
Villaviciosa,ES,43.48126,-5.43574,14430
Orcasur,ES,40.37221,-3.69815,14390
Zofío,ES,40.37937,-3.71532,14382
Paracuellos de Jarama,ES,40.50353,-3.52775,14329
Mollerussa,ES,41.63333,0.9,14319
Fraga,ES,41.52294,0.34894,14302
Estella-Lizarra,ES,42.67182,-2.03226,14238
Vilalba,ES,43.29806,-7.6813,14226
Las Matas,ES,40.55779,-3.89173,14213
Torredonjimeno,ES,37.76748,-3.95776,14181
Torelló,ES,42.04627,2.26679,14172
Chiva,ES,39.46667,-0.71667,14167
Fene,ES,43.45,-8.15,14165
el Congrés i els Indians,ES,41.4246,2.18086,14161
Lliçà d'Amunt,ES,41.61667,2.23333,14143
Canet de Mar,ES,41.59054,2.58116,14123
Bollullos par del Condado,ES,37.34127,-6.5397,14114
Ciudad Rodrigo,ES,40.6,-6.53333,14080
Vallirana,ES,41.38676,1.93205,14066
Sóller,ES,39.76623,2.71521,14041
Guia,ES,28.13974,-15.63294,14031
Santa Úrsula,ES,28.42613,-16.48876,14013
Lugones,ES,43.40272,-5.81215,14000
Vera,ES,37.24345,-1.85905,13985
Llanera,ES,43.43963,-5.8508,13948
Canals,ES,38.96251,-0.58443,13941
O Carballiño,ES,42.43163,-8.07899,13939
Aguadulce,ES,36.81409,-2.57235,13886
Corbera de Llobregat,ES,41.41702,1.9197,13843
Gondomar,ES,42.11155,-8.74971,13841
La Llagosta,ES,41.51435,2.19297,13820
Verín,ES,41.94149,-7.43809,13817
Manilva,ES,36.37645,-5.25026,13813
Cubelles,ES,41.20772,1.67267,13711
Cambados,ES,42.51222,-8.8131,13708
Betanzos,ES,43.28042,-8.21467,13680
Llanes,ES,43.41982,-4.75485,13639
Tuineje,ES,28.32372,-14.04722,13632
Corralejo,ES,28.73079,-13.86749,13618
Beasain,ES,43.05017,-2.20087,13557
Valdés,ES,36.75835,-4.24235,13529
Pinos Puente,ES,37.25109,-3.74967,13515
Aguilar,ES,37.51476,-4.65717,13509
Sarria,ES,42.78148,-7.41431,13508
Nules,ES,39.85362,-0.15643,13490
Gines,ES,37.38647,-6.07729,13471
O Barco de Valdeorras,ES,42.41642,-6.99005,13463
Diagonal Mar,ES,41.40897,2.21615,13448
Jaca,ES,42.56898,-0.54987,13396
San Antonio Abad,ES,37.61767,-0.99665,13395
Pilas,ES,37.30337,-6.30097,13386
Villafranca de los Barros,ES,38.56144,-6.3381,13356
Zizur Mayor,ES,42.78795,-1.69065,13345
Tomiño,ES,41.98772,-8.75502,13315
la Salut,ES,41.41243,2.15437,13303
San Agustín del Guadalix,ES,40.67882,-3.61639,13273
Godella,ES,39.53333,-0.41667,13240
Alginet,ES,39.26667,-0.46667,13226
Benissa,ES,38.71492,0.04849,13221
La Carlota,ES,37.67359,-4.93122,13182
Socuéllamos,ES,39.28581,-2.79205,13163
Ogíjares,ES,37.11913,-3.60772,13119
Torrijos,ES,39.98195,-4.28349,13117
Abarán,ES,38.20551,-1.39907,13030
Cuevas del Almanzora,ES,37.29678,-1.88218,13025
Vejer de la Frontera,ES,36.25213,-5.96717,12973
Alora,ES,36.82358,-4.70575,12951
Mont-roig del Camp,ES,41.08675,0.95925,12906
Coria,ES,39.98406,-6.53603,12896
Alpedrete,ES,40.65889,-4.02512,12797
Valverde del Camino,ES,37.57511,-6.75432,12780
Casa de Campo,ES,40.42363,-3.75305,12767
sa Pobla,ES,39.7692,3.02394,12766
el Bon Pastor,ES,41.437,2.20182,12766
Sanlúcar la Mayor,ES,37.38758,-6.20346,12749
Salobreña,ES,36.74277,-3.58717,12747
Quintanar de la Orden,ES,39.59369,-3.04165,12736
Santanyí,ES,39.35461,3.12907,12664
Vilanova del Camí,ES,41.57165,1.63751,12649
Espartinas,ES,37.38154,-6.12578,12648
Estepa,ES,37.29263,-4.87896,12632
Ordes,ES,43.07654,-8.409,12632
Pola de Siero,ES,43.39228,-5.66335,12615
Villamartín,ES,36.85979,-5.64485,12526
Bullas,ES,38.04667,-1.67227,12493
Bolaños de Calatrava,ES,38.9069,-3.66345,12490
Brenes,ES,37.54944,-5.87139,12460
Teror,ES,28.06062,-15.54909,12449
San Juan Bautista,ES,40.45069,-3.65636,12445
Arrigorriaga,ES,43.21006,-2.88562,12435
Utiel,ES,39.56667,-1.2,12420
Meco,ES,40.55274,-3.32894,12419
Sopela,ES,43.37891,-2.98313,12359
Bueu,ES,42.32458,-8.78497,12331
Verdun,ES,41.44273,2.17564,12294
Cunit,ES,41.19829,1.63645,12279
Haro,ES,42.57634,-2.8476,12261
Gibraleón,ES,37.37628,-6.96895,12258
Sant Sadurní d'Anoia,ES,41.42555,1.78519,12237
Son Servera,ES,39.62073,3.36008,12215
Benifaió,ES,39.28439,-0.42598,12204
Monóvar,ES,38.43809,-0.84062,12175
Jódar,ES,37.84064,-3.35262,12157
Castelló d'Empúries,ES,42.25673,3.07446,12111
Baiona,ES,42.11667,-8.85,12091
Astorga,ES,42.45879,-6.05601,12078
Santiago del Teide,ES,28.294,-16.81618,12050
Timón,ES,40.4844,-3.59732,12049
La Seu d'Urgell,ES,42.35877,1.46144,12041
Churriana de la Vega,ES,37.14499,-3.64617,12001
Principe,ES,35.87924,-5.34695,12000
Castellbisbal,ES,41.47534,1.98174,11977
Olivenza,ES,38.68269,-7.10046,11977
Antigua,ES,28.42307,-14.01379,11948
L'Alcúdia,ES,39.19717,-0.50537,11938
Capdepera,ES,39.70237,3.43532,11911
Peñarroya-Pueblonuevo,ES,38.3,-5.26667,11883
La Puebla del Río,ES,37.26787,-6.06264,11879
Abrera,ES,41.51682,1.901,11815
Pedralbes,ES,41.39046,2.11019,11800
Rianxo,ES,42.64977,-8.81763,11769
Deltebre,ES,40.71944,0.70835,11751
Albatera,ES,38.17902,-0.87059,11745
Santa Coloma de Farners,ES,41.86667,2.66667,11739
Arroyo de la Encomienda,ES,41.60956,-4.79692,11716
Andratx,ES,39.57553,2.42017,11685
Medina Sidonia,ES,36.45695,-5.92717,11658
Argentona,ES,41.55336,2.40114,11633
Torroella de Montgrí,ES,42.04254,3.12703,11598
Moralzarzal,ES,40.67816,-3.9707,11582
Santoña,ES,43.44386,-3.45757,11569
Velilla de San Antonio,ES,40.36516,-3.48484,11553
Santa Margalida,ES,39.70143,3.10215,11537
Los Corrales de Buelna,ES,43.26358,-4.07262,11519
Cocentaina,ES,38.73975,-0.43976,11467
As Pontes de García Rodríguez,ES,43.45266,-7.85178,11431
la Teixonera,ES,41.42307,2.14654,11405
Madridejos,ES,39.46823,-3.53196,11404
Tafalla,ES,42.52687,-1.67446,11394
Huétor Vega,ES,37.14529,-3.56963,11324
Laracha,ES,43.25375,-8.58535,11302
Villacarrillo,ES,38.1156,-3.0848,11294
Santa Cruz de Bezana,ES,43.4437,-3.90324,11279
Azkoitia,ES,43.17744,-2.31129,11266
Sonseca,ES,39.67747,-3.97448,11265
Elgoibar,ES,43.21601,-2.41334,11220
Tarazona,ES,41.90475,-1.72678,11211
Salvador,ES,40.44529,-3.63097,11202
Villarrubia de los Ojos,ES,39.22085,-3.60802,11191
Albox,ES,37.38856,-2.14949,11178
Alberic,ES,39.11667,-0.51667,11175
Laredo,ES,43.4098,-3.41613,11148
Tineo,ES,43.33765,-6.41452,11146
Alcaudete,ES,37.59091,-4.08237,11135
Pallejà,ES,41.42394,1.99505,11134
Pego,ES,38.84305,-0.11707,11133
Palos de la Frontera,ES,37.23457,-6.89471,11112
Guillena,ES,37.54262,-6.05626,11109
Pola de Lena,ES,43.16089,-5.82878,11086
Ripoll,ES,42.20064,2.19033,11057
La Bañeza,ES,42.30026,-5.89772,11057
Picanya,ES,39.43333,-0.43333,11053
Valdemorillo,ES,40.50064,-4.0671,11045
La Puebla de Cazalla,ES,37.22155,-5.31153,11033
Benaguasil,ES,39.6,-0.58333,11011
Puerto Rico,ES,27.78943,-15.71045,11000
Mancha Real,ES,37.78627,-3.61226,10972
Fuensalida,ES,40.05288,-4.20718,10967
Beniel,ES,38.04636,-1.00233,10933
Consuegra,ES,39.46246,-3.608,10932
Peligros,ES,37.23231,-3.62901,10910
Oñati,ES,43.03262,-2.40997,10896
Sant Andreu de Llavaneres,ES,41.56667,2.48333,10877
Alcalá del Río,ES,37.5178,-5.98185,10869
Las Cortes,ES,40.41613,-3.69674,10816
Fuente Palmera,ES,37.70494,-5.09965,10788
Sant Joan de Vilatorrada,ES,41.74549,1.80476,10779
La Palma del Condado,ES,37.38605,-6.55231,10762
La Latina,ES,40.41316,-3.70927,10747
Santa Ponsa,ES,39.50868,2.4766,10736
Alovera,ES,40.59368,-3.24529,10734
Vilanova de Arousa,ES,42.564,-8.82797,10719
O Grove,ES,42.49444,-8.86502,10700
Tegueste,ES,28.52236,-16.34074,10666
Villacañas,ES,39.62367,-3.33813,10645
Calonge,ES,41.85869,3.07926,10637
Cantillana,ES,37.61032,-5.82472,10627
Rute,ES,37.3269,-4.36827,10559
Mora,ES,39.68492,-3.77394,10554
Santa Comba,ES,43.03306,-8.80925,10487
la Font de la Guatlla,ES,41.36978,2.14486,10481
Illora,ES,37.28771,-3.88109,10440
Coll d'en Rabassa,ES,39.55083,2.69468,10434
l'Alcora,ES,40.06667,-0.2,10430
Premià de Dalt,ES,41.5,2.35,10429
Luanco,ES,43.61517,-5.79344,10427
l'Escala,ES,42.12562,3.13261,10417
Meliana,ES,39.53333,-0.33333,10395
la Bisbal d'Empordà,ES,41.95,3.05,10385
Sabiñánigo,ES,42.51924,-0.36607,10378
Castell-Platja d'Aro,ES,41.81751,3.06742,10376
Ciutat Meridiana,ES,41.46119,2.17494,10349
Atarrabia,ES,42.8323,-1.60735,10341
Miajadas,ES,39.15127,-5.90841,10338
Caudete,ES,38.70679,-0.98723,10330
Castalla,ES,38.59694,-0.67207,10327
Reinosa,ES,42.99959,-4.13801,10307
Amurrio,ES,43.05,-3,10286
Montgat,ES,41.46859,2.28001,10270
la Trinitat Vella,ES,41.45166,2.19289,10253
Jerez de los Caballeros,ES,38.32063,-6.7726,10237
La Roca del Vallès,ES,41.58333,2.33333,10214
s'Arenal,ES,39.5,2.75,10207
Calasparra,ES,38.22997,-1.69986,10178
Ceuti,ES,38.07859,-1.27467,10174
Xinzo de Limia,ES,42.0635,-7.72459,10161
Bembibre,ES,42.61771,-6.41545,10071
Villanueva de Córdoba,ES,38.32277,-4.62873,10057
Sax,ES,38.53729,-0.81779,10054
Caldas de Reis,ES,42.60473,-8.6423,10036
El Casar,ES,38.53089,-5.92513,10031
Playa Blanca,ES,28.86426,-13.82814,10000
Nazaret,ES,29.03818,-13.56386,10000
La Manga del Mar Menor,ES,37.64129,-0.71651,10000
Muros,ES,42.77617,-9.06032,9999
Mengibar,ES,37.96978,-3.80884,9927
Alcàsser,ES,39.36791,-0.44447,9908
Grado,ES,43.38801,-6.07433,9839
Zumarraga,ES,43.08858,-2.31408,9834
La Gangosa Vistasol,ES,36.80581,-2.62174,9780
Campos,ES,39.43099,3.01935,9765
Sangonera la Verde,ES,37.92862,-1.20794,9648
Foz,ES,43.5692,-7.25441,9642
Porto do Son,ES,42.72482,-9.00527,9613
Cuéllar,ES,41.40155,-4.31474,9588
Alfaro,ES,42.18032,-1.75016,9574
Salvatierra de Miño,ES,42.08333,-8.5,9566
Toro,ES,41.52417,-5.39534,9556
Hellín,ES,40.43095,-3.61682,9555
Ondarroa,ES,43.31667,-2.41667,9546
Buñol,ES,39.41667,-0.78333,9517
Piedras Blancas,ES,43.55913,-5.97558,9510
la Font d'en Fargues,ES,41.42461,2.16526,9505
Pulpí,ES,37.41154,-1.74496,9502
Fuente-Álamo de Murcia,ES,37.72389,-1.16972,9500
A Pobra do Caramiñal,ES,42.60295,-8.93824,9440
Montoro,ES,38.02409,-4.3834,9436
Zierbena,ES,43.35,-3.08333,9418
Alcanar,ES,40.54316,0.48082,9402
la Vila Olímpica del Poblenou,ES,41.39074,2.19679,9379
Fernán-Núñez,ES,37.67044,-4.7264,9374
El Álamo,ES,40.23066,-3.99447,9353
Ribadeo,ES,43.53704,-7.04095,9343
Chantada,ES,42.60876,-7.77115,9339
Trujillo,ES,39.45786,-5.88203,9317
Amposta,ES,40.42613,-3.62204,9126
Pola de Laviana,ES,43.24538,-5.5629,9106
Huétor-Tájar,ES,37.19834,-4.04692,9105
Tocina,ES,37.60904,-5.73403,9067
La Victoria de Acentejo,ES,28.43231,-16.46232,9040
Padrón,ES,42.73875,-8.66057,9039
Tavernes Blanques,ES,39.5,-0.36667,9033
Silleda,ES,42.69605,-8.24653,9018
Navia,ES,43.53544,-6.71935,9006
San Sebastián de la Gomera,ES,28.09163,-17.11331,8964
Villablino,ES,42.93932,-6.31943,8919
Can Baró,ES,41.41677,2.16242,8899
Binéfar,ES,41.85141,0.29433,8890
Alella,ES,41.49379,2.29451,8859
Puigcerdà,ES,42.4316,1.92819,8845
Arenys de Munt,ES,41.61424,2.53972,8838
Oropesa del Mar,ES,40.09134,0.14115,8830
Pavones,ES,40.39852,-3.63213,8814
Sant Cristòfol de les Fonts,ES,42.16964,2.49943,8791
Montmeló,ES,41.55002,2.2419,8784
Sedaví,ES,39.43333,-0.38333,8778
Olivares,ES,37.41802,-6.15603,8759
Zumaia,ES,43.29469,-2.25341,8751
Cervera,ES,41.67003,1.2721,8724
Villanueva del Arzobispo,ES,38.16842,-3.00742,8716
Soto del Real,ES,40.75257,-3.78019,8694
Alaior,ES,39.93034,4.14039,8671
El Molar,ES,40.73215,-3.57969,8666
Valsequillo de Gran Canaria,ES,27.98562,-15.49725,8635
Almagro,ES,38.88941,-3.71131,8546
Moratalla,ES,38.18928,-1.89183,8530
Olvera,ES,36.93418,-5.26678,8515
Archidona,ES,37.09654,-4.38869,8506
Cassà de la Selva,ES,41.88784,2.87524,8504
Zalla,ES,43.23333,-3.13333,8379
Es Molinar,ES,39.5614,2.67517,8376
Segorbe,ES,39.85,-0.48333,8371
Ortuella,ES,43.31113,-3.05617,8360
Solsona,ES,41.99395,1.51706,8343
Burela de Cabo,ES,43.662,-7.367,8338
Tordesillas,ES,41.50202,-5.00146,8277
Azuaga,ES,38.26667,-5.68333,8242
Berriozar,ES,42.83067,-1.66648,8199
Sauzal,ES,28.46667,-16.41667,8172
Sol,ES,40.41664,-3.70327,8164
Binissalem,ES,39.68744,2.84396,8143
Los Santos de Maimona,ES,38.45,-6.38333,8126
Sant Vicenç de Castellet,ES,41.66667,1.86667,8096
Castro del Río,ES,37.69125,-4.48058,8065
Santiago de la Ribera,ES,37.79681,-0.80544,8058
Cabezón de la Sal,ES,43.30824,-4.23571,8057
Villalbilla,ES,40.43044,-3.29904,8055
Caspe,ES,41.23402,-0.03945,8054
Cazorla,ES,37.91495,-3.00342,8039
Campillos,ES,37.04826,-4.86308,8014
Empuriabrava,ES,42.24691,3.12059,8000
Moraleja,ES,40.06682,-6.65983,7995
Muro del Alcoy,ES,38.7812,-0.43608,7983
Matadepera,ES,41.59886,2.02648,7970
San Nicolás,ES,27.9891,-15.78126,7950
Fortuna,ES,38.1814,-1.1259,7943
Son Ferriol,ES,39.56667,2.71667,7942
Malagón,ES,39.16668,-3.85419,7923
Guardo,ES,42.78966,-4.84823,7920
Outes,ES,42.85061,-8.92645,7902
Gelves,ES,37.33481,-6.02601,7897
Andorra,ES,40.97655,-0.44721,7890
Tobarra,ES,38.59213,-1.69191,7884
Herencia,ES,39.36616,-3.35735,7879
Puig,ES,39.58869,-0.30333,7851
Bujalance,ES,37.89556,-4.38074,7848
Pinoso,ES,38.40164,-1.04196,7845
La Mojonera,ES,37.29233,-2.4373,7819
La Almunia de Doña Godina,ES,41.4767,-1.37451,7819
Brunete,ES,40.40532,-3.9985,7799
Pedro Muñoz,ES,39.40285,-2.94664,7789
Nájera,ES,42.41822,-2.72865,7789
Bornos,ES,36.81677,-5.74448,7750
El Cuervo,ES,36.85298,-6.03785,7745
Santa Maria de Palautordera,ES,41.69417,2.44566,7739
Bargas,ES,39.94113,-4.01979,7731
Alguazas,ES,38.05356,-1.25051,7725
Castellet,ES,41.26281,1.63369,7713
Torres de la Alameda,ES,40.40264,-3.35767,7712
La Matanza de Acentejo,ES,28.45242,-16.4472,7709
Cobeña,ES,40.56667,-3.5,7702
La Puebla de Montalbán,ES,39.86297,-4.35917,7695
Arévalo,ES,41.06255,-4.72042,7689
Vega de San Mateo,ES,28.00892,-15.5333,7687
Balmaseda,ES,43.2,-3.2,7684
Coristanco,ES,43.2,-8.75,7674
Santa Marta de Ortigueira,ES,43.68333,-7.85,7663
L'Olleria,ES,38.91667,-0.55,7648
Marmolejo,ES,38.04549,-4.17029,7643
Sentmenat,ES,41.60862,2.13532,7633
Costa Teguise,ES,28.99838,-13.49911,7629
Corralejos,ES,40.46414,-3.60727,7626
Monserrat,ES,39.36667,-0.6,7583
Corella,ES,42.11507,-1.78563,7576
Cee,ES,42.95466,-9.188,7576
Santiponce,ES,37.43553,-6.04106,7561
Hinojosa del Duque,ES,38.50057,-5.14651,7555
El Paso,ES,28.65007,-17.88274,7543
Quintanar del Rey,ES,39.33333,-1.93333,7539
El Plan,ES,37.65,-1.01667,7497
Moya,ES,28.11106,-15.58285,7492
Almodóvar del Río,ES,37.8107,-5.02037,7486
Griñón,ES,40.21249,-3.85482,7484
Onil,ES,38.62606,-0.67313,7474
la Trinitat Nova,ES,41.45051,2.18481,7469
Collado Mediano,ES,40.69326,-4.0228,7463
Almussafes,ES,39.28333,-0.41667,7459
Cedeira,ES,43.66044,-8.05719,7455
Peníscola,ES,40.3574,0.40692,7447
Es Castell,ES,39.8776,4.2899,7440
Centelles,ES,41.79746,2.21902,7423
Villa del Río,ES,37.98108,-4.29003,7407
Altsasu,ES,42.89999,-2.16516,7407
L'Entregu/El Entrego,ES,43.28752,-5.638,7400
Guissona,ES,41.78333,1.3,7390
Casco Histórico de Barajas,ES,40.4747,-3.57898,7384
La Rambla,ES,37.6076,-4.73962,7374
Huéscar,ES,37.81104,-2.54116,7367
Posadas,ES,37.80205,-5.10726,7364
Porto Cristo,ES,39.53953,3.33302,7355
Aracena,ES,37.89396,-6.56116,7351
Cabrils,ES,41.5276,2.36996,7348
Talayuela,ES,39.98701,-5.60982,7345
Pizarra,ES,36.76543,-4.70833,7345
Fuentes de Andalucía,ES,37.46409,-5.34615,7344
el Coll,ES,41.41721,2.14723,7344
Valencina de la Concepción,ES,37.41618,-6.07422,7343
Tauste,ES,41.91804,-1.25343,7334
L'Ametlla del Vallès,ES,41.66667,2.26667,7319
Villarejo de Salvanés,ES,40.16663,-3.27277,7291
Aguilar de Campoo,ES,42.79452,-4.25892,7280
Padul,ES,37.02462,-3.62678,7266
Can Picafort,ES,39.76567,3.15488,7257
Cheste,ES,39.48333,-0.68333,7255
Lekeitio,ES,43.36417,-2.50492,7254
Villa del Prado,ES,40.27852,-4.30534,7253
Daganzo de Arriba,ES,40.54293,-3.45457,7242
Reocín,ES,43.33915,-4.09403,7230
Trigueros,ES,37.38606,-6.8268,7221
Carboneras,ES,36.99666,-1.89651,7199
Cabanillas del Campo,ES,40.63376,-3.22937,7194
Candás,ES,43.58922,-5.76735,7193
Lomo de Arico,ES,28.16667,-16.48333,7189
Colindres,ES,43.39667,-3.45361,7179
Bigues i Riells,ES,41.68333,2.23333,7175
Colmenarejo,ES,40.56063,-4.01713,7173
Valdemarín,ES,40.46813,-3.77891,7156
Cervelló,ES,41.39587,1.95917,7151
Masquefa,ES,41.50353,1.81136,7150
Dolores,ES,38.14002,-0.77088,7132
Los Barreros,ES,37.62829,-0.99774,7127
Nuevo Baztán,ES,40.36731,-3.24125,7126
Sallent,ES,41.82602,1.8955,7107
Firgas,ES,28.10711,-15.56299,7106
Villanueva de Castellón,ES,39.07741,-0.51167,7095
Hoyo de Manzanares,ES,40.62265,-3.90733,7093
Breña Alta,ES,28.65,-17.78333,7092
Santa Coloma de Cervelló,ES,41.36736,2.01426,7086
Paradas,ES,37.29047,-5.49703,7084
La Pobla de Farnals,ES,39.56571,-0.28425,7080
Tiana,ES,41.48201,2.26702,7052
Elorrio,ES,43.12924,-2.54056,7041
Palmanova,ES,39.5247,2.53922,7040
Playa de San Juan,ES,28.18159,-16.81689,7036
Canyelles,ES,41.44509,2.16346,7022
Guareña,ES,38.85952,-6.09987,7006
Iznalloz,ES,37.39258,-3.52762,7005
Puerto Serrano,ES,36.92209,-5.54304,6996
Miraflores de la Sierra,ES,40.8155,-3.76213,6990
Las Pedroñeras,ES,39.44997,-2.67394,6986
Suances,ES,43.43341,-4.04338,6984
Colmenar de Oreja,ES,40.10675,-3.38547,6968
San Martín de Valdeiglesias,ES,40.36185,-4.39831,6965
Tona,ES,41.84789,2.22808,6955
Porcuna,ES,37.87102,-4.18501,6951
Palomas,ES,40.45251,-3.61554,6922
Garrucha,ES,37.18141,-1.82252,6920
Ocaña,ES,39.95785,-3.4982,6913
Dúrcal,ES,36.98788,-3.56601,6913
Argamasilla de Alba,ES,39.12917,-3.09247,6902
Almodóvar del Campo,ES,38.70936,-4.17908,6893
Sant Lluís,ES,39.84939,4.25819,6892
Sant Genís dels Agudells,ES,41.42541,2.13019,6891
Briviesca,ES,42.54993,-3.32315,6880
Negreira,ES,42.90402,-8.74273,6877
Xixona,ES,38.54086,-0.50263,6865
Montellano,ES,36.99531,-5.57145,6851
Valdoviño,ES,43.6,-8.13333,6838
San Juan del Puerto,ES,37.31667,-6.84139,6834
Malpica,ES,43.3228,-8.81052,6832
Jerónimos,ES,40.41375,-3.68514,6825
Guadalix de la Sierra,ES,40.78496,-3.69347,6813
Cubas,ES,40.189,-3.83526,6807
Trebujena,ES,36.87075,-6.17586,6806
Torreperogil,ES,38.0354,-3.28998,6786
San Clemente,ES,39.4041,-2.42819,6765
Constantina,ES,37.86667,-5.61667,6757
Benalup-Casas Viejas,ES,36.34375,-5.8128,6754
Fuente del Maestre,ES,38.52656,-6.44782,6748
Cercedilla,ES,40.74101,-4.05644,6747
Vilamarxant,ES,39.56916,-0.62453,6730
Llagostera,ES,41.82688,2.89365,6713
Campo Real,ES,40.33333,-3.38333,6711
Santa María de Cayón,ES,43.30849,-3.8368,6710
Cintruénigo,ES,42.07937,-1.80458,6708
Villaverde del Río,ES,37.58919,-5.87443,6703
Platja d'Alcúdia,ES,39.83383,3.1206,6683
Jimena de la Frontera,ES,36.43517,-5.45387,6681
Güeñes,ES,43.21252,-3.09497,6681
Jaraíz de la Vera,ES,40.06005,-5.75426,6672
Arroyo de la Luz,ES,39.48511,-6.58401,6671
Montblanc,ES,41.37636,1.16163,6632
Montefrío,ES,37.32308,-4.00898,6631
Velez Rubio,ES,37.64844,-2.07686,6630
Cangas de Onís,ES,43.3514,-5.12916,6623
Alcalà de Xivert,ES,40.3,0.23333,6615
Muro,ES,39.73661,3.05559,6610
Arzúa,ES,42.93333,-8.15,6597
Colina,ES,40.45805,-3.66031,6569
Iscar,ES,41.36117,-4.53348,6567
Pedreguer,ES,38.79312,0.03411,6547
Arenas de San Pedro,ES,40.21041,-5.08694,6539
Tarazona de la Mancha,ES,39.25,-1.91667,6514
Abanilla,ES,38.20537,-1.04153,6510
Redován,ES,38.11619,-0.90981,6507
Bollullos de la Mitación,ES,37.34014,-6.13719,6499
Membrilla,ES,38.97198,-3.3433,6466
Bergondo,ES,43.31667,-8.23333,6446
Sevilla La Nueva,ES,40.34775,-4.02727,6445
Camariñas,ES,43.13115,-9.18172,6440
Esparragal,ES,38.03333,-1.08333,6420
Cox,ES,38.14164,-0.88736,6411
Pedrezuela,ES,40.74277,-3.5998,6391
Cala Rajada,ES,39.71174,3.4631,6390
Oroso,ES,42.98333,-8.43333,6378
Salas,ES,43.4118,-6.26023,6350
Horcajo,ES,40.40857,-3.62695,6339
Aretxabaleta,ES,43.03414,-2.50456,6319
Tudela de Duero,ES,41.5845,-4.58093,6302
Cenes de la Vega,ES,37.16006,-3.53548,6295
Lorquí,ES,38.08261,-1.25103,6293
Artà,ES,39.69315,3.34979,6287
San Miguel de Salinas,ES,37.97972,-0.78904,6281
Moncofa,ES,39.80907,-0.14701,6278
Ulldecona,ES,40.59734,0.44718,6273
Becerril de la Sierra,ES,40.71699,-3.98858,6267
Peñaranda de Bracamonte,ES,40.90108,-5.20026,6260
Albaida,ES,38.83798,-0.51721,6257
Olula del Río,ES,37.35445,-2.29754,6244
Manzanares el Real,ES,40.72627,-3.86265,6231
Herrera,ES,37.36396,-4.84979,6230
Súria,ES,41.83333,1.75,6230
Alpicat,ES,41.6657,0.55564,6230
Los Yébenes,ES,39.58158,-3.87058,6224
Santo Domingo de la Calzada,ES,42.44015,-2.95365,6223
Lardero,ES,42.42686,-2.46153,6214
Polinyà,ES,41.55,2.15,6176
Huelma,ES,37.64784,-3.45985,6159
Morata de Tajuña,ES,40.2268,-3.43269,6159
Albuñol,ES,36.79203,-3.205,6157
Catral,ES,38.16061,-0.80209,6147
Valga,ES,42.69792,-8.63959,6143
Alagón,ES,41.76964,-1.11906,6141
Valencia de Alcántara,ES,39.41148,-7.24435,6129
Cuatro Vientos,ES,40.371,-3.77372,6122
Calamonte,ES,38.88861,-6.38791,6117
Zuera,ES,41.86775,-0.78984,6098
Macael,ES,37.33318,-2.30087,6090
Alhama de Granada,ES,37.00689,-3.98963,6080
San Adrián,ES,42.33433,-1.93509,6076
Berango,ES,43.365,-2.99601,6064
Blanca,ES,38.1791,-1.37473,6054
Son Ferrer,ES,39.49666,2.50102,6054
Rocafort,ES,39.53333,-0.4,6049
Foios,ES,39.53333,-0.35,6035
Guitiriz,ES,43.18169,-7.89656,6033
O Rosal,ES,41.93536,-8.83677,6029
Mota del Cuervo,ES,39.50189,-2.86994,6020
Nerva,ES,37.69627,-6.54967,6009
Santa Maria del Camí,ES,39.65111,2.77317,6007
Sant Vicenç de Montalt,ES,41.57853,2.50879,6007
Monforte del Cid,ES,38.38027,-0.7285,6001
Garachico,ES,28.77807,-17.76459,6000
Garachico,ES,28.37365,-16.76342,6000
Quesada,ES,37.84338,-3.06561,5987
Cistérniga,ES,41.61294,-4.68697,5983
Torrelles de Llobregat,ES,41.35,1.98333,5945
Santaella,ES,37.56294,-4.84362,5933
Castuera,ES,38.73204,-5.5439,5921
Venta de Baños,ES,41.9211,-4.49089,5918
Betxí,ES,39.93333,-0.2,5902
Port de Pollença,ES,39.9075,3.0814,5900
Benigànim,ES,38.95,-0.43333,5899
Lezo,ES,43.32142,-1.89739,5867
Prado del Rey,ES,36.78756,-5.55589,5851
Monachil,ES,37.1332,-3.53724,5843
La Canonja,ES,41.1211,1.18065,5842
Aznalcóllar,ES,37.51914,-6.26988,5839
Infantes,ES,38.73669,-3.01219,5835
Urnieta,ES,43.24727,-1.99084,5827
Villabona,ES,43.1854,-2.05304,5822
Castro,ES,42.76667,-7.58333,5822
Santa Eulàlia de Ronçana,ES,41.65,2.23333,5814
Teià,ES,41.49804,2.32206,5805
Gerena,ES,37.52957,-6.15479,5803
Ondara,ES,38.82817,0.0172,5798
Almazán,ES,41.48648,-2.53088,5773
Bigastro,ES,38.06237,-0.89841,5770
Gelida,ES,41.43333,1.86667,5750
Parres,ES,43.35,-5.15,5749
Corral de Almaguer,ES,39.75987,-3.16452,5743
Ribadesella,ES,43.46145,-5.05955,5730
Peralta,ES,42.33834,-1.80035,5722
Llerena,ES,38.23333,-6.01667,5716
Benacazón,ES,37.35289,-6.19663,5698
Navàs,ES,41.89998,1.87763,5696
Montehermoso,ES,40.08796,-6.34984,5693
Castro de Rei,ES,43.20866,-7.40026,5685
Elexalde,ES,43.4149,-2.93678,5683
Oliva de la Frontera,ES,38.27595,-6.91873,5682
Algar,ES,37.6474,-0.86699,5681
Riudoms,ES,41.13333,1.05,5679
Algodonales,ES,36.88044,-5.40536,5672
Tazacorte,ES,28.64186,-17.93394,5670
Chinchón,ES,40.1402,-3.42267,5670
Costa Calma,ES,28.16155,-14.22691,5670
Órgiva,ES,36.90259,-3.42379,5649
Móra d'Ebre,ES,41.08333,0.63333,5649
Artés,ES,41.798,1.95428,5648
Arjona,ES,37.93493,-4.05478,5645
Alcalá de los Gazules,ES,36.46212,-5.72382,5639
Tremp,ES,42.16703,0.89487,5639
La Puebla de Almoradiel,ES,39.59862,-3.11782,5629
Torreblanca,ES,40.22033,0.1965,5626
Almacelles,ES,41.73216,0.43722,5623
Alburquerque,ES,39.22076,-7.00234,5619
Yuncos,ES,40.0859,-3.87106,5615
Motilla del Palancar,ES,39.56667,-1.88333,5607
Puebla de la Calzada,ES,38.89441,-6.62592,5604
Riañu,ES,43.32805,-5.71838,5600
Constantí,ES,41.15392,1.21262,5597
Cabeza del Buey,ES,38.72227,-5.21946,5590
Los Gabatos,ES,37.63333,-1,5581
Taradell,ES,41.87495,2.28662,5577
Guadassuar,ES,39.18663,-0.47859,5568
Nueva-Carteya,ES,37.5863,-4.46759,5561
Usurbil,ES,43.27164,-2.04912,5559
Navarcles,ES,41.75171,1.90357,5548
Begues,ES,41.33333,1.93333,5538
Celanova,ES,42.15303,-7.95513,5533
Umbrete,ES,37.36881,-6.15847,5527
Carral,ES,43.2286,-8.35545,5525
Medina de Pomar,ES,42.92938,-3.48804,5524
Fuente el Saz,ES,40.63215,-3.51146,5524
Mazaricos,ES,42.94033,-8.97187,5523
Campanario,ES,38.8644,-5.61744,5522
Anglès,ES,41.95617,2.63603,5519
Mugardos,ES,43.4604,-8.25507,5514
Ayora,ES,39.05852,-1.05635,5508
Moraleja de Enmedio,ES,40.26125,-3.85963,5506
Meaño,ES,42.44661,-8.78122,5505
Cúllar-Vega,ES,37.15361,-3.67072,5487
Enguera,ES,38.97974,-0.68683,5484
La Muela,ES,41.58014,-1.11719,5479
Bunyola,ES,39.69634,2.69955,5475
Villanueva del Ariscal,ES,37.39623,-6.14077,5471
la Vall d'Hebron,ES,41.43038,2.1483,5469
Agaete,ES,28.10023,-15.69998,5459
Peñafiel,ES,41.60165,-4.11418,5455
Abegondo,ES,43.21667,-8.28333,5454
Fuente Obejuna,ES,38.26667,-5.41667,5451
Pereiro de Aguiar,ES,42.34524,-7.80008,5443
Villamuriel de Cerrato,ES,41.94935,-4.51584,5437
San Ildefonso,ES,40.90182,-4.00685,5426
La Guancha,ES,28.3732,-16.65158,5424
Pozo Alcón,ES,37.70256,-2.93367,5414
Aceuchal,ES,38.64627,-6.48636,5408
Cuntis,ES,42.63396,-8.56256,5398
Allariz,ES,42.19044,-7.80175,5392
Can Pastilla,ES,39.53615,2.71766,5390
Casariche,ES,37.29389,-4.75972,5389
Vielha,ES,42.70196,0.79556,5385
Talavera La Real,ES,38.87794,-6.76856,5376
Arafo,ES,28.33971,-16.42244,5375
Argamasilla de Calatrava,ES,38.72985,-4.07627,5371
Los Dolores,ES,37.63977,-1.00462,5369
Otura,ES,37.08846,-3.63321,5362
Agramunt,ES,41.78686,1.09683,5351
Ares,ES,43.42995,-8.24254,5342
Torrejón de la Calzada,ES,40.19886,-3.797,5339
Magaluf,ES,39.5111,2.5353,5339
Olías del Rey,ES,39.94436,-3.98684,5336
El Altet,ES,38.27299,-0.5397,5323
Alcalá del Valle,ES,36.90448,-5.1724,5323
Paterna de Rivera,ES,36.52246,-5.86578,5306
Turís,ES,39.38333,-0.7,5305
Lloseta,ES,39.71849,2.8669,5295
Benejúzar,ES,38.07728,-0.83942,5295
Los Villares,ES,37.69146,-3.81868,5289
Renedo,ES,43.35285,-3.95025,5283
La Campana,ES,37.56891,-5.4267,5281
Gata de Gorgos,ES,38.77443,0.08538,5281
Dosrius,ES,41.58333,2.41667,5281
Peal de Becerro,ES,37.91338,-3.12148,5277
Mondariz,ES,42.2311,-8.45839,5259
Bonares,ES,37.32423,-6.68073,5257
Deba,ES,43.29571,-2.35213,5253
Beas de Segura,ES,38.2524,-2.88875,5251
Quintana de la Serena,ES,38.74595,-5.67233,5242
Alameda,ES,37.2087,-4.6586,5241
Moral de Calatrava,ES,38.82989,-3.57813,5236
Buenavista del Norte,ES,28.37458,-16.86098,5231
Tinajo,ES,29.06326,-13.67647,5228
Cardona,ES,41.91371,1.67855,5226
Guijuelo,ES,40.55757,-5.67067,5221
Villanueva del Río y Minas,ES,37.65502,-5.71369,5213
Cala Millor,ES,39.60496,3.38671,5197
Capellades,ES,41.53005,1.68651,5187
La Poveda,ES,40.3,-3.46667,5183
Villafranca de los Caballeros,ES,39.42824,-3.36079,5181
Carnota,ES,42.8233,-9.08913,5171
Miguel Esteban,ES,39.52448,-3.07618,5170
Mojacar,ES,37.1402,-1.85102,5154
Fabero,ES,42.76803,-6.62651,5150
Alcarràs,ES,41.56667,0.51667,5133
Cacabelos,ES,42.60021,-6.72373,5120
Montbau,ES,41.43529,2.13781,5110
Port d'Alcúdia,ES,39.84182,3.13291,5099
Boalo,ES,40.71603,-3.91656,5094
Miño,ES,43.35,-8.2,5092
Santa Cristina d'Aro,ES,41.81667,3,5089
Moià,ES,41.81112,2.09839,5086
Navas de San Juan,ES,38.18382,-3.31598,5083
San Ginés de la Jara,ES,37.64106,-0.82278,5081
Cudillero,ES,43.56217,-6.14589,5078
Sant Pol de Mar,ES,41.60177,2.61741,5076
Añover de Tajo,ES,39.98873,-3.76579,5075
Algarrobo,ES,36.77388,-4.03952,5073
Vedra,ES,42.77817,-8.47636,5069
Ribadumia,ES,42.51667,-8.75,5069
Villanueva del Trabuco,ES,37.02832,-4.33891,5067
Candeleda,ES,40.15521,-5.24045,5062
Medina de Ríoseco,ES,41.88327,-5.04405,5059
El Burgo de Osma,ES,41.58619,-3.06522,5054
Castillo de Locubín,ES,37.52858,-3.9422,5052
Pedrera,ES,37.22604,-4.8942,5049
Porreres,ES,39.51434,3.02197,5037
Camarma de Esteruelas,ES,40.55032,-3.37295,5032
Almenara,ES,39.75,-0.21667,5031
Sangüesa/Zangoza,ES,42.57483,-1.28283,5030
Ribadavia,ES,42.28804,-8.14362,5028
Gójar,ES,37.10456,-3.60565,5024
Cerceda,ES,40.69893,-3.93365,5023
Illa de Arousa,ES,42.56376,-8.87258,5020
Doña Mencía,ES,37.55346,-4.35602,5019
El Coronil,ES,37.07955,-5.6341,5011
Son Roca,ES,39.60449,2.60663,5010
San Juan de la Rambla,ES,28.39276,-16.65015,5007
Las Navas del Marqués,ES,40.60244,-4.33449,5005
Fisterra,ES,42.90492,-9.26289,5005
Valdetorres de Jarama,ES,40.69366,-3.51156,5001
Tossa de Mar,ES,41.71667,2.93333,5001
Outeiro de Rei,ES,43.10198,-7.61497,5001
