id,customer_id,plan_id,start_date,end_date,active
1,19,3,2024-01-28 13:15:00,2024-04-21 13:15:00,false
2,62,4,2025-01-10 09:45:00,2026-01-06 09:45:00,true
3,45,2,2025-02-18 14:45:00,2025-05-14 14:45:00,false
4,4,1,2024-03-07 09:45:00,2024-05-06 09:45:00,false
5,88,4,2024-12-21 09:45:00,2025-03-17 09:45:00,false
6,36,1,2024-04-20 12:00:00,2024-06-20 12:00:00,false
7,53,3,2025-03-15 13:45:00,2025-05-16 13:45:00,false
8,55,2,2025-02-24 14:30:00,2025-05-27 14:30:00,false
9,11,1,2025-06-14 13:30:00,2025-09-11 13:30:00,true
10,99,1,2024-07-27 12:30:00,2024-08-25 12:30:00,false
11,2,2,2025-03-22 17:30:00,2025-05-18 17:30:00,false
12,56,3,2024-05-14 10:30:00,2024-08-16 10:30:00,false
13,55,3,2024-01-17 09:00:00,2024-07-19 09:00:00,false
14,78,3,2024-11-20 11:45:00,2025-05-16 11:45:00,false
15,57,2,2025-04-15 11:45:00,2025-07-15 11:45:00,true
16,44,2,2025-05-21 14:00:00,2025-08-14 14:00:00,true
17,19,1,2025-06-02 13:30:00,2025-08-28 13:30:00,true
18,34,2,2024-01-17 09:30:00,2024-03-18 09:30:00,false
19,89,2,2024-11-17 12:00:00,2025-02-13 12:00:00,false
20,11,2,2024-04-09 10:15:00,2024-05-07 10:15:00,false
21,50,2,2024-08-09 11:15:00,2024-11-02 11:15:00,false
22,19,1,2024-12-01 16:30:00,2025-02-27 16:30:00,false
23,39,3,2025-02-24 08:45:00,2025-05-28 08:45:00,false
24,8,3,2025-01-28 14:30:00,2025-07-27 14:30:00,true
25,10,2,2024-11-26 08:45:00,2025-02-26 08:45:00,false
26,77,1,2024-06-21 09:30:00,2024-08-16 09:30:00,false
27,41,1,2025-01-02 13:15:00,2025-03-05 13:15:00,false
28,100,3,2024-02-13 13:45:00,2024-05-10 13:45:00,false
29,56,1,2025-03-05 12:45:00,2025-04-02 12:45:00,false
30,41,2,2024-09-14 09:00:00,2024-10-15 09:00:00,false
31,80,5,2024-11-26 15:30:00,2025-11-20 15:30:00,true
32,22,4,2024-10-03 17:15:00,2025-03-28 17:15:00,false
33,87,1,2025-03-14 08:15:00,2025-05-10 08:15:00,false
34,91,2,2025-03-24 09:30:00,2025-06-26 09:30:00,false
35,32,2,2025-03-11 11:30:00,2025-06-04 11:30:00,false
36,96,3,2024-03-21 08:15:00,2024-04-19 08:15:00,false
37,30,4,2024-07-24 10:00:00,2024-10-21 10:00:00,false
38,5,3,2024-04-12 13:45:00,2024-05-12 13:45:00,false
39,33,3,2025-04-27 15:30:00,2025-07-25 15:30:00,true
40,44,1,2024-02-18 11:15:00,2024-03-20 11:15:00,false
41,69,2,2024-03-01 17:00:00,2024-05-02 17:00:00,false
42,97,1,2025-05-16 12:30:00,2025-06-14 12:30:00,false
43,83,2,2025-04-23 12:45:00,2025-05-23 12:45:00,false
44,91,2,2024-08-12 12:30:00,2024-09-11 12:30:00,false
45,47,5,2024-05-13 11:00:00,2025-05-15 11:00:00,false
46,83,1,2024-04-15 13:15:00,2024-05-16 13:15:00,false
47,54,2,2025-05-02 08:15:00,2025-07-30 08:15:00,false
48,75,1,2024-10-04 11:45:00,2024-12-30 11:45:00,false
49,75,2,2024-11-20 16:45:00,2025-01-20 16:45:00,false
50,51,2,2025-01-11 15:30:00,2025-04-07 15:30:00,false
51,51,2,2024-03-04 11:15:00,2024-04-29 11:15:00,false
52,49,2,2024-04-15 09:45:00,2024-07-09 09:45:00,false
53,70,1,2025-04-04 09:45:00,2025-06-27 09:45:00,false
54,65,1,2024-12-18 17:30:00,2025-01-21 17:30:00,false
55,60,1,2025-04-12 14:00:00,2025-05-13 14:00:00,false
56,90,2,2024-06-04 11:00:00,2024-08-31 11:00:00,false
57,52,2,2024-03-13 15:15:00,2024-06-14 15:15:00,false
58,65,2,2025-01-14 15:45:00,2025-04-10 15:45:00,false
59,66,2,2024-11-25 16:30:00,2025-02-21 16:30:00,false
60,38,1,2024-01-18 12:30:00,2024-02-15 12:30:00,false
61,35,1,2025-04-07 14:15:00,2025-04-23 14:15:00,false
62,70,3,2025-03-27 13:30:00,2025-06-30 13:30:00,false
63,73,1,2024-03-17 14:30:00,2024-06-09 14:30:00,false
64,37,2,2025-03-04 16:00:00,2025-05-29 16:00:00,false
65,77,2,2025-05-09 16:30:00,2025-07-06 16:30:00,false
66,44,4,2025-04-07 14:45:00,2026-03-31 14:45:00,true
67,42,2,2024-07-04 17:00:00,2024-08-01 17:00:00,false
68,98,1,2024-09-12 11:00:00,2024-12-07 11:00:00,false
69,36,2,2024-09-25 10:15:00,2024-10-26 10:15:00,false
70,78,1,2024-02-26 12:15:00,2024-05-26 12:15:00,false
71,15,2,2025-03-15 13:00:00,2025-05-12 13:00:00,false
72,73,3,2024-04-25 09:30:00,2024-07-23 09:30:00,false
73,30,1,2025-05-19 17:15:00,2025-06-16 17:15:00,false
74,89,1,2024-02-28 16:00:00,2024-03-11 16:00:00,false
75,28,3,2025-06-22 13:15:00,2025-09-15 13:15:00,true
76,69,1,2024-12-14 14:00:00,2025-01-13 14:00:00,false
77,71,1,2024-04-26 10:45:00,2024-05-25 10:45:00,false
78,12,1,2024-06-27 14:00:00,2024-07-28 14:00:00,false
79,67,3,2025-03-16 14:45:00,2025-05-16 14:45:00,false
80,22,1,2025-05-08 10:30:00,2025-06-06 10:30:00,false
81,12,1,2025-03-02 13:15:00,2025-03-15 13:15:00,false
82,46,5,2025-03-26 14:45:00,2026-03-24 14:45:00,true
83,44,1,2024-08-07 10:30:00,2024-10-08 10:30:00,false
84,23,3,2024-06-15 15:15:00,2024-12-16 15:15:00,false
85,90,1,2025-03-17 09:30:00,2025-06-17 09:30:00,false
86,68,3,2024-03-24 12:15:00,2024-04-24 12:15:00,false
87,90,2,2025-02-19 16:30:00,2025-04-22 16:30:00,false
88,48,1,2025-02-27 10:45:00,2025-04-24 10:45:00,false
89,53,1,2024-06-01 13:30:00,2024-06-14 13:30:00,false
90,56,2,2024-10-03 08:15:00,2024-12-31 08:15:00,false
91,53,2,2024-03-02 08:30:00,2024-05-27 08:30:00,false
92,93,4,2024-05-03 16:15:00,2024-07-31 16:15:00,false
93,23,4,2025-05-06 15:00:00,2026-04-30 15:00:00,true
94,100,1,2025-06-03 13:15:00,2025-07-01 13:15:00,true
95,16,2,2025-06-15 13:15:00,2025-07-15 13:15:00,true
96,4,1,2024-11-07 11:45:00,2025-01-05 11:45:00,false
97,16,3,2025-04-12 11:30:00,2025-07-14 11:30:00,false
98,6,2,2025-02-25 16:00:00,2025-05-20 16:00:00,false
99,92,5,2024-11-15 09:00:00,2025-11-14 09:00:00,false
100,77,1,2024-02-18 17:00:00,2024-03-18 17:00:00,false
101,20,1,2025-06-03 10:00:00,2025-09-02 10:00:00,false
102,96,1,2024-03-13 14:45:00,2024-05-11 14:45:00,false
103,10,2,2024-05-03 11:30:00,2024-07-31 11:30:00,false
104,17,2,2025-03-12 14:15:00,2025-06-06 14:15:00,false
105,10,4,2024-10-07 11:30:00,2025-10-06 11:30:00,true
106,67,3,2024-09-28 12:15:00,2024-12-28 12:15:00,false
107,12,2,2025-02-26 10:15:00,2025-03-28 10:15:00,false
108,16,1,2025-03-17 11:00:00,2025-05-13 11:00:00,false
109,50,2,2025-02-18 12:15:00,2025-03-20 12:15:00,false
110,72,1,2024-11-07 13:45:00,2024-11-23 13:45:00,false
111,39,1,2025-04-13 12:15:00,2025-06-14 12:15:00,false
112,92,2,2024-12-11 13:30:00,2025-02-09 13:30:00,false
113,36,2,2024-10-27 14:15:00,2024-12-24 14:15:00,false
114,69,4,2025-01-11 16:15:00,2025-04-16 16:15:00,false
115,3,1,2025-05-11 14:00:00,2025-06-08 14:00:00,false
116,48,2,2024-03-26 12:00:00,2024-04-25 12:00:00,false
117,69,1,2025-05-02 12:45:00,2025-08-03 12:45:00,false
118,99,2,2024-05-12 10:00:00,2024-07-07 10:00:00,false
119,23,4,2025-04-01 10:30:00,2025-06-30 10:30:00,false
120,98,2,2025-06-23 09:15:00,2025-09-20 09:15:00,true
121,1,2,2025-05-23 08:45:00,2025-08-20 08:45:00,true
122,15,3,2025-03-01 11:30:00,2025-04-29 11:30:00,false
123,89,2,2025-05-04 15:00:00,2025-07-04 15:00:00,true
124,74,1,2025-03-27 12:00:00,2025-04-20 12:00:00,false
125,9,1,2025-03-11 12:00:00,2025-04-09 12:00:00,false
126,3,2,2025-01-06 14:00:00,2025-04-02 14:00:00,false
127,49,3,2025-06-19 17:45:00,2025-09-17 17:45:00,true
128,73,1,2024-12-04 11:45:00,2025-02-28 11:45:00,false
129,4,1,2024-01-18 14:00:00,2024-02-18 14:00:00,false
130,87,1,2024-01-07 08:15:00,2024-04-01 08:15:00,false
131,34,1,2025-01-27 13:30:00,2025-04-24 13:30:00,false
132,23,1,2025-06-26 12:30:00,2025-07-27 12:30:00,true
133,95,1,2024-08-04 08:15:00,2024-08-30 08:15:00,false
134,12,3,2025-02-24 16:30:00,2025-08-21 16:30:00,true
135,44,2,2025-04-02 11:45:00,2025-06-29 11:45:00,false
136,47,2,2025-05-20 10:30:00,2025-08-23 10:30:00,true
137,85,2,2024-12-02 10:30:00,2024-12-31 10:30:00,false
138,26,3,2024-12-26 17:45:00,2025-01-25 17:45:00,false
139,5,2,2025-05-22 12:45:00,2025-08-16 12:45:00,true
140,27,2,2024-06-19 12:30:00,2024-08-14 12:30:00,false
141,40,1,2024-03-07 09:00:00,2024-03-23 09:00:00,false
142,53,2,2025-01-08 14:45:00,2025-04-04 14:45:00,false
143,16,1,2024-02-04 13:00:00,2024-02-16 13:00:00,false
144,89,1,2025-05-20 08:00:00,2025-08-16 08:00:00,true
145,76,3,2024-09-01 12:45:00,2024-11-26 12:45:00,false
146,5,1,2025-03-22 17:00:00,2025-04-21 17:00:00,false
147,18,2,2025-01-04 09:45:00,2025-04-07 09:45:00,false
148,85,1,2024-05-18 14:30:00,2024-06-17 14:30:00,false
149,50,2,2025-03-22 09:30:00,2025-06-14 09:30:00,false
150,5,2,2025-03-19 12:30:00,2025-05-14 12:30:00,false
151,76,1,2024-09-18 10:00:00,2024-10-17 10:00:00,false
152,67,1,2024-08-07 17:45:00,2024-09-05 17:45:00,false
153,51,4,2024-11-15 09:00:00,2025-02-17 09:00:00,false
154,59,2,2025-01-10 13:00:00,2025-02-07 13:00:00,false
155,92,1,2025-02-27 13:30:00,2025-05-31 13:30:00,false
156,52,2,2024-01-23 13:30:00,2024-03-23 13:30:00,false
157,19,1,2025-06-18 12:15:00,2025-07-17 12:15:00,true
158,30,1,2025-04-12 15:45:00,2025-07-06 15:45:00,false
159,34,1,2025-05-14 16:30:00,2025-08-14 16:30:00,true
160,8,1,2024-05-16 08:15:00,2024-07-16 08:15:00,false
161,85,1,2025-02-17 10:15:00,2025-03-01 10:15:00,false
162,8,1,2025-04-26 16:15:00,2025-07-24 16:15:00,true
163,43,2,2024-08-09 13:00:00,2024-10-10 13:00:00,false
164,97,1,2025-04-10 09:30:00,2025-05-08 09:30:00,false
165,6,1,2025-04-09 13:30:00,2025-07-08 13:30:00,true
166,52,2,2024-04-21 09:15:00,2024-05-19 09:15:00,false
167,26,1,2025-03-18 09:30:00,2025-04-10 09:30:00,false
168,82,1,2024-10-07 17:30:00,2025-01-03 17:30:00,false
169,33,1,2025-04-05 11:15:00,2025-05-06 11:15:00,false
170,55,2,2025-03-20 08:30:00,2025-04-20 08:30:00,false
171,7,1,2025-04-18 15:30:00,2025-05-21 15:30:00,false
172,73,4,2024-11-15 11:45:00,2025-02-18 11:45:00,false
173,42,4,2025-03-12 12:30:00,2025-06-15 12:30:00,false
174,95,2,2024-08-21 12:30:00,2024-11-15 12:30:00,false
175,25,2,2025-02-23 09:45:00,2025-03-25 09:45:00,false
176,77,2,2024-06-19 13:15:00,2024-07-18 13:15:00,false
177,3,2,2025-04-07 14:30:00,2025-06-03 14:30:00,false
178,37,2,2024-11-08 11:00:00,2025-02-06 11:00:00,false
179,28,1,2025-03-04 16:45:00,2025-06-01 16:45:00,false
180,54,2,2025-01-23 09:15:00,2025-02-20 09:15:00,false
181,62,2,2024-03-21 08:00:00,2024-06-16 08:00:00,false
182,57,1,2024-05-10 14:30:00,2024-06-08 14:30:00,false
183,23,1,2025-05-04 10:30:00,2025-08-02 10:30:00,true
184,22,4,2024-10-08 10:15:00,2025-04-09 10:15:00,false
185,89,1,2024-11-24 17:30:00,2024-12-29 17:30:00,false
186,98,2,2025-02-02 16:30:00,2025-04-05 16:30:00,false
187,57,1,2024-03-05 12:30:00,2024-04-02 12:30:00,false
188,49,1,2025-01-14 11:00:00,2025-02-13 11:00:00,false
189,59,2,2024-08-10 13:00:00,2024-11-04 13:00:00,false
190,95,2,2024-10-17 17:00:00,2024-12-12 17:00:00,false
191,26,1,2025-05-16 09:00:00,2025-08-14 09:00:00,false
192,24,4,2024-01-01 14:15:00,2024-06-29 14:15:00,false
193,66,1,2025-03-25 12:30:00,2025-04-24 12:30:00,false
194,88,1,2025-03-26 14:30:00,2025-04-23 14:30:00,false
195,76,2,2024-12-20 17:15:00,2025-01-20 17:15:00,false
196,49,1,2024-01-17 17:45:00,2024-01-24 17:45:00,false
197,99,1,2024-07-26 09:45:00,2024-08-17 09:45:00,false
198,73,2,2025-05-10 09:15:00,2025-08-10 09:15:00,true
199,71,1,2025-04-18 17:00:00,2025-06-15 17:00:00,false
200,48,2,2024-03-24 12:15:00,2024-06-23 12:15:00,false
201,100,2,2025-02-19 14:45:00,2025-03-19 14:45:00,false
202,25,2,2024-09-13 08:30:00,2024-12-15 08:30:00,false
203,48,2,2025-03-13 15:15:00,2025-04-11 15:15:00,false
204,85,5,2024-03-11 17:45:00,2025-03-04 17:45:00,false
205,64,1,2024-12-19 09:45:00,2025-01-19 09:45:00,false
206,88,3,2024-12-25 16:45:00,2025-02-24 16:45:00,false
207,26,1,2024-01-12 09:15:00,2024-04-08 09:15:00,false
208,77,2,2024-07-07 15:45:00,2024-10-09 15:45:00,false
209,49,1,2025-04-26 09:45:00,2025-05-18 09:45:00,false
210,87,2,2024-05-01 13:15:00,2024-08-03 13:15:00,false
211,98,2,2025-01-03 15:15:00,2025-02-28 15:15:00,false
212,47,1,2025-01-25 14:15:00,2025-02-22 14:15:00,false
213,86,4,2024-09-24 14:15:00,2024-12-27 14:15:00,false
214,51,2,2024-05-07 16:30:00,2024-07-31 16:30:00,false
215,45,1,2024-04-14 09:45:00,2024-05-10 09:45:00,false
216,13,5,2025-02-15 14:15:00,2025-08-18 14:15:00,true
217,94,3,2025-04-19 11:15:00,2025-05-20 11:15:00,false
218,51,1,2024-05-28 14:30:00,2024-08-27 14:30:00,false
219,11,2,2025-01-10 10:45:00,2025-04-08 10:45:00,false
220,39,2,2024-03-11 13:45:00,2024-06-08 13:45:00,false
221,55,3,2024-02-24 11:00:00,2024-05-20 11:00:00,false
222,44,1,2025-04-12 16:00:00,2025-05-06 16:00:00,false
223,49,2,2025-05-19 15:30:00,2025-06-19 15:30:00,false
224,71,4,2024-09-17 10:15:00,2025-03-15 10:15:00,false
225,73,5,2024-11-09 09:00:00,2025-11-10 09:00:00,true
226,21,1,2024-08-21 10:45:00,2024-09-07 10:45:00,false
227,64,1,2025-05-20 17:00:00,2025-06-06 17:00:00,false
228,59,2,2024-02-26 15:30:00,2024-03-27 15:30:00,false
229,49,4,2024-01-23 16:00:00,2025-01-16 16:00:00,false
230,69,1,2024-11-12 17:45:00,2024-12-11 17:45:00,false
231,70,1,2025-06-27 14:45:00,2025-07-24 14:45:00,true
232,46,1,2024-03-22 12:00:00,2024-05-19 12:00:00,false
233,82,2,2024-09-18 17:15:00,2024-11-14 17:15:00,false
234,40,3,2024-05-08 16:30:00,2024-07-04 16:30:00,false
235,64,3,2025-06-09 16:00:00,2025-08-10 16:00:00,true
236,59,1,2025-05-19 13:00:00,2025-08-14 13:00:00,true
237,4,2,2024-04-11 15:30:00,2024-07-07 15:30:00,false
238,11,3,2024-04-28 12:30:00,2024-07-23 12:30:00,false
239,32,3,2024-03-20 08:15:00,2024-09-17 08:15:00,false
240,86,1,2024-11-08 13:30:00,2024-12-09 13:30:00,false
241,5,2,2024-07-08 10:30:00,2024-10-05 10:30:00,false
242,6,1,2025-05-01 14:45:00,2025-07-30 14:45:00,true
243,69,4,2025-05-02 10:15:00,2025-08-04 10:15:00,true
244,84,1,2025-05-05 11:45:00,2025-06-02 11:45:00,false
245,54,1,2024-09-15 10:00:00,2024-12-16 10:00:00,false
246,66,2,2024-04-21 08:30:00,2024-07-18 08:30:00,false
247,67,4,2024-06-05 13:15:00,2024-12-05 13:15:00,false
248,15,1,2025-03-16 16:45:00,2025-03-31 16:45:00,false
249,14,2,2025-05-18 14:00:00,2025-06-15 14:00:00,false
250,64,2,2025-04-13 15:45:00,2025-05-12 15:45:00,false
251,84,5,2024-04-26 08:45:00,2025-04-25 08:45:00,false
252,52,2,2024-02-18 11:45:00,2024-05-14 11:45:00,false
253,62,2,2024-06-13 10:30:00,2024-09-10 10:30:00,false
254,27,2,2025-06-06 17:00:00,2025-08-01 17:00:00,true
255,42,1,2024-06-23 12:15:00,2024-07-12 12:15:00,false
256,38,1,2024-04-15 11:45:00,2024-07-14 11:45:00,false
257,87,2,2024-02-22 17:15:00,2024-05-21 17:15:00,false
258,95,1,2025-01-16 13:00:00,2025-02-14 13:00:00,false
259,43,2,2024-12-09 11:00:00,2025-03-08 11:00:00,false
260,26,3,2024-04-12 15:00:00,2024-06-12 15:00:00,false
261,29,1,2024-11-04 13:45:00,2024-11-22 13:45:00,false
262,72,4,2025-04-06 17:00:00,2026-04-03 17:00:00,true
263,5,2,2024-04-08 11:30:00,2024-07-09 11:30:00,false
264,98,1,2024-05-05 12:00:00,2024-05-24 12:00:00,false
265,49,1,2024-05-08 17:30:00,2024-08-01 17:30:00,false
266,10,2,2025-05-04 13:45:00,2025-06-04 13:45:00,false
267,8,2,2024-09-04 14:45:00,2024-12-07 14:45:00,false
268,35,1,2024-09-27 16:45:00,2024-10-26 16:45:00,false
269,8,3,2025-04-04 12:00:00,2025-07-07 12:00:00,true
270,55,1,2024-11-20 08:00:00,2025-02-17 08:00:00,false
271,75,1,2024-02-28 15:00:00,2024-03-24 15:00:00,false
272,72,3,2024-04-07 09:00:00,2024-06-07 09:00:00,false
273,59,2,2025-04-02 15:00:00,2025-06-01 15:00:00,false
274,22,1,2025-02-22 12:00:00,2025-03-24 12:00:00,false
275,66,2,2024-03-14 11:45:00,2024-06-07 11:45:00,false
276,69,5,2025-03-09 10:00:00,2026-03-12 10:00:00,true
277,39,1,2024-07-16 11:00:00,2024-08-16 11:00:00,false
278,5,1,2024-04-16 17:30:00,2024-05-08 17:30:00,false
279,4,4,2025-03-16 17:45:00,2025-09-14 17:45:00,false
280,34,4,2024-11-08 14:00:00,2025-02-01 14:00:00,false
281,21,1,2024-02-04 14:45:00,2024-05-04 14:45:00,false
282,85,2,2024-04-17 11:15:00,2024-05-18 11:15:00,false
283,84,2,2024-01-25 15:30:00,2024-04-23 15:30:00,false
284,42,2,2025-02-19 12:00:00,2025-05-14 12:00:00,false
285,42,1,2024-03-24 15:30:00,2024-04-21 15:30:00,false
286,33,4,2025-02-28 16:45:00,2025-08-24 16:45:00,true
287,23,3,2024-02-21 17:30:00,2024-04-21 17:30:00,false
288,40,3,2024-02-11 14:00:00,2024-08-05 14:00:00,false
289,66,1,2024-09-15 17:15:00,2024-11-12 17:15:00,false
290,5,2,2025-04-03 11:45:00,2025-06-03 11:45:00,false
291,4,1,2024-10-06 17:30:00,2024-11-07 17:30:00,false
292,86,1,2024-11-20 13:30:00,2025-01-17 13:30:00,false
293,46,2,2024-06-21 10:00:00,2024-07-21 10:00:00,false
294,46,2,2025-06-22 09:30:00,2025-08-20 09:30:00,false
295,79,2,2025-06-18 10:15:00,2025-09-13 10:15:00,true
296,12,2,2025-05-12 17:30:00,2025-08-10 17:30:00,true
297,42,4,2025-05-15 09:15:00,2025-08-18 09:15:00,true
298,42,3,2025-01-22 13:30:00,2025-04-21 13:30:00,false
299,36,1,2024-12-20 12:15:00,2025-01-17 12:15:00,false
300,34,2,2025-03-05 17:45:00,2025-05-04 17:45:00,false
301,28,2,2024-03-16 09:00:00,2024-06-09 09:00:00,false
302,76,4,2024-09-20 08:15:00,2025-03-17 08:15:00,false
303,86,2,2025-02-27 08:45:00,2025-03-29 08:45:00,false
304,40,1,2025-06-09 11:45:00,2025-08-04 11:45:00,false
305,46,1,2025-06-20 10:30:00,2025-08-20 10:30:00,false
306,75,2,2025-05-19 13:45:00,2025-07-15 13:45:00,true
307,5,2,2025-04-05 11:00:00,2025-07-03 11:00:00,true
308,81,2,2025-01-11 08:30:00,2025-04-07 08:30:00,false
309,85,1,2024-07-09 17:45:00,2024-09-03 17:45:00,false
310,68,3,2024-04-08 08:30:00,2024-10-09 08:30:00,false
311,48,1,2024-09-24 10:45:00,2024-12-22 10:45:00,false
312,45,1,2024-01-13 17:30:00,2024-04-13 17:30:00,false
313,21,2,2025-06-23 13:15:00,2025-09-20 13:15:00,true
314,3,1,2025-02-02 09:30:00,2025-03-05 09:30:00,false
315,69,1,2025-05-06 14:15:00,2025-06-06 14:15:00,false
316,85,2,2024-11-22 10:00:00,2025-02-21 10:00:00,false
317,100,2,2024-07-26 16:15:00,2024-10-24 16:15:00,false
318,45,2,2025-05-15 14:30:00,2025-08-15 14:30:00,true
319,52,1,2025-06-09 11:00:00,2025-08-10 11:00:00,false
320,1,1,2024-01-05 13:45:00,2024-04-03 13:45:00,false
321,32,2,2025-01-27 09:15:00,2025-03-30 09:15:00,false
322,6,2,2025-02-24 17:30:00,2025-03-26 17:30:00,false
323,4,1,2025-02-23 13:00:00,2025-03-23 13:00:00,false
324,90,1,2024-09-06 10:30:00,2024-11-04 10:30:00,false
325,56,1,2025-05-26 09:00:00,2025-08-24 09:00:00,true
326,68,2,2025-01-20 11:45:00,2025-04-25 11:45:00,false
327,29,2,2025-03-28 17:45:00,2025-06-28 17:45:00,false
328,49,2,2025-02-11 17:15:00,2025-05-14 17:15:00,false
329,80,1,2025-05-15 15:15:00,2025-06-15 15:15:00,false
330,68,1,2025-05-01 14:45:00,2025-08-01 14:45:00,true
331,14,3,2024-07-10 10:15:00,2024-10-03 10:15:00,false
332,5,2,2024-06-14 12:00:00,2024-09-07 12:00:00,false
333,27,2,2025-06-15 10:15:00,2025-09-07 10:15:00,true
334,16,1,2024-09-03 15:45:00,2024-11-27 15:45:00,false
335,77,1,2024-06-27 11:00:00,2024-08-22 11:00:00,false
336,42,1,2024-09-12 14:30:00,2024-12-14 14:30:00,false
337,12,2,2024-11-11 08:30:00,2025-02-04 08:30:00,false
338,8,1,2024-12-18 13:00:00,2024-12-25 13:00:00,false
339,68,2,2024-02-18 13:00:00,2024-05-22 13:00:00,false
340,43,1,2025-06-23 13:15:00,2025-09-22 13:15:00,true
341,56,3,2025-05-22 15:15:00,2025-11-20 15:15:00,true
342,11,2,2025-06-18 15:15:00,2025-09-14 15:15:00,true
343,81,1,2025-01-24 10:45:00,2025-04-26 10:45:00,false
344,50,2,2025-01-19 11:15:00,2025-04-18 11:15:00,false
345,39,2,2025-05-05 12:00:00,2025-06-02 12:00:00,false
346,33,2,2025-03-18 13:15:00,2025-04-15 13:15:00,false
347,67,2,2025-02-16 16:15:00,2025-03-19 16:15:00,false
348,7,1,2025-04-03 12:45:00,2025-04-10 12:45:00,false
349,70,2,2024-04-16 08:30:00,2024-06-13 08:30:00,false
350,23,3,2025-06-16 16:45:00,2025-09-18 16:45:00,true
351,6,1,2024-07-16 13:15:00,2024-07-24 13:15:00,false
352,9,2,2025-03-16 11:45:00,2025-04-14 11:45:00,false
353,19,1,2025-02-04 14:15:00,2025-02-24 14:15:00,false
354,34,2,2025-05-25 16:30:00,2025-07-21 16:30:00,true
355,26,2,2024-03-05 09:00:00,2024-06-02 09:00:00,false
356,48,2,2025-02-17 08:00:00,2025-04-15 08:00:00,false
357,44,1,2025-06-11 09:30:00,2025-09-04 09:30:00,false
358,18,1,2024-07-23 17:30:00,2024-10-24 17:30:00,false
359,46,1,2025-03-09 17:45:00,2025-04-06 17:45:00,false
360,12,2,2025-06-22 13:45:00,2025-09-19 13:45:00,false
361,52,3,2024-12-02 17:15:00,2024-12-30 17:15:00,false
362,71,1,2025-02-22 10:45:00,2025-03-19 10:45:00,false
363,70,2,2025-05-18 16:30:00,2025-06-15 16:30:00,false
364,64,1,2025-01-19 09:30:00,2025-02-05 09:30:00,false
365,25,2,2024-01-21 16:30:00,2024-04-24 16:30:00,false
366,32,2,2025-06-14 17:45:00,2025-09-12 17:45:00,false
367,49,2,2024-07-02 14:45:00,2024-10-02 14:45:00,false
368,11,1,2024-08-05 17:45:00,2024-11-01 17:45:00,false
369,56,1,2024-04-17 13:15:00,2024-05-15 13:15:00,false
370,97,1,2025-06-24 16:30:00,2025-07-18 16:30:00,false
371,12,2,2024-05-18 17:15:00,2024-06-18 17:15:00,false
372,47,1,2025-01-20 09:15:00,2025-02-22 09:15:00,false
373,16,3,2025-06-23 14:00:00,2025-12-20 14:00:00,true
374,41,3,2025-05-07 15:15:00,2025-08-09 15:15:00,true
375,60,2,2025-05-22 08:15:00,2025-08-23 08:15:00,false
376,90,2,2025-04-26 11:30:00,2025-06-22 11:30:00,false
377,59,1,2025-04-28 17:15:00,2025-07-26 17:15:00,false
378,5,3,2025-01-21 11:30:00,2025-04-20 11:30:00,false
379,31,4,2024-09-22 09:45:00,2025-03-20 09:45:00,false
380,43,1,2024-03-26 17:00:00,2024-04-25 17:00:00,false
381,87,1,2024-06-05 08:15:00,2024-09-03 08:15:00,false
382,10,1,2024-09-03 16:15:00,2024-10-04 16:15:00,false
383,41,1,2024-10-04 12:15:00,2024-10-29 12:15:00,false
384,45,2,2025-05-28 15:15:00,2025-08-22 15:15:00,true
385,92,2,2025-01-22 12:45:00,2025-04-18 12:45:00,false
386,100,3,2024-02-23 15:00:00,2024-08-16 15:00:00,false
387,9,2,2024-05-17 15:30:00,2024-08-10 15:30:00,false
388,23,1,2024-04-02 14:30:00,2024-05-30 14:30:00,false
389,2,1,2025-06-22 11:45:00,2025-07-20 11:45:00,false
390,36,1,2024-10-05 17:15:00,2024-10-21 17:15:00,false
391,25,4,2024-07-25 17:30:00,2025-07-22 17:30:00,true
392,93,1,2025-05-13 14:15:00,2025-06-11 14:15:00,false
393,43,2,2024-11-13 08:15:00,2025-01-13 08:15:00,false
394,56,2,2025-02-15 17:45:00,2025-05-21 17:45:00,false
395,44,3,2025-04-07 10:15:00,2025-07-06 10:15:00,true
396,66,1,2024-03-04 12:00:00,2024-05-29 12:00:00,false
397,46,1,2025-06-04 11:00:00,2025-06-11 11:00:00,false
398,12,4,2025-04-23 16:45:00,2025-07-22 16:45:00,false
399,91,1,2025-05-19 14:00:00,2025-08-20 14:00:00,true
400,87,2,2024-01-21 13:00:00,2024-04-16 13:00:00,false
401,93,4,2024-03-27 15:15:00,2025-03-21 15:15:00,false
402,88,2,2024-10-09 11:30:00,2024-12-05 11:30:00,false
403,31,1,2025-02-01 17:45:00,2025-03-04 17:45:00,false
404,73,2,2025-02-09 09:45:00,2025-04-09 09:45:00,false
405,37,3,2024-06-16 08:45:00,2024-07-17 08:45:00,false
406,48,2,2024-12-26 08:15:00,2025-03-21 08:15:00,false
407,42,1,2025-06-12 12:15:00,2025-09-06 12:15:00,true
408,26,2,2025-02-20 09:30:00,2025-05-22 09:30:00,false
409,88,1,2024-09-25 17:45:00,2024-11-20 17:45:00,false
410,25,1,2024-07-15 11:15:00,2024-09-11 11:15:00,false
411,65,2,2024-04-14 15:15:00,2024-06-10 15:15:00,false
412,17,3,2024-08-28 15:45:00,2024-11-28 15:45:00,false
413,59,2,2025-06-08 17:15:00,2025-09-11 17:15:00,true
414,46,2,2024-02-28 15:30:00,2024-04-26 15:30:00,false
415,17,1,2024-10-20 11:30:00,2024-11-17 11:30:00,false
416,96,1,2024-10-12 08:15:00,2024-11-10 08:15:00,false
417,18,1,2024-01-22 16:00:00,2024-03-22 16:00:00,false
418,30,2,2024-08-08 17:00:00,2024-11-06 17:00:00,false
419,44,2,2024-06-23 12:00:00,2024-09-18 12:00:00,false
420,51,1,2024-03-22 10:45:00,2024-04-19 10:45:00,false
421,66,2,2025-04-09 16:45:00,2025-07-04 16:45:00,true
422,69,2,2024-10-13 17:45:00,2024-11-12 17:45:00,false
423,79,2,2025-03-02 11:00:00,2025-03-30 11:00:00,false
424,60,2,2025-02-28 12:15:00,2025-06-01 12:15:00,false
425,16,1,2024-08-02 17:00:00,2024-10-29 17:00:00,false
426,97,1,2024-08-28 10:30:00,2024-10-24 10:30:00,false
427,48,3,2025-04-21 08:15:00,2025-07-20 08:15:00,true
428,20,2,2025-03-09 08:15:00,2025-06-07 08:15:00,false
429,9,3,2024-01-26 09:00:00,2024-07-28 09:00:00,false
430,74,1,2024-02-12 16:00:00,2024-03-13 16:00:00,false
431,72,2,2024-10-20 17:45:00,2025-01-17 17:45:00,false
432,47,1,2024-03-28 16:45:00,2024-05-28 16:45:00,false
433,91,4,2024-07-11 08:00:00,2025-01-02 08:00:00,false
434,17,2,2025-06-05 08:15:00,2025-08-04 08:15:00,true
435,80,2,2025-05-16 13:15:00,2025-06-13 13:15:00,false
436,28,4,2024-01-10 14:15:00,2024-07-04 14:15:00,false
437,28,1,2025-02-13 08:30:00,2025-03-16 08:30:00,false
438,79,3,2024-09-17 09:15:00,2024-12-16 09:15:00,false
439,38,2,2025-02-28 11:45:00,2025-05-23 11:45:00,false
440,62,3,2025-04-05 09:15:00,2025-10-06 09:15:00,true
441,31,2,2024-07-02 08:30:00,2024-09-29 08:30:00,false
442,15,4,2024-11-05 11:30:00,2025-02-04 11:30:00,false
443,27,3,2024-09-13 16:15:00,2024-10-14 16:15:00,false
444,61,2,2025-04-24 12:30:00,2025-07-22 12:30:00,true
445,8,2,2024-12-24 08:30:00,2025-03-20 08:30:00,false
446,72,1,2025-03-24 15:30:00,2025-04-24 15:30:00,false
447,34,2,2025-05-20 10:15:00,2025-06-20 10:15:00,false
448,11,4,2025-06-01 12:00:00,2025-11-30 12:00:00,true
449,30,3,2024-11-08 09:45:00,2025-02-09 09:45:00,false
450,95,1,2024-11-25 17:30:00,2024-12-25 17:30:00,false
451,94,3,2024-07-11 16:15:00,2024-08-08 16:15:00,false
452,80,3,2024-10-15 13:45:00,2025-01-13 13:45:00,false
453,68,1,2025-02-08 17:15:00,2025-05-03 17:15:00,false
454,25,4,2024-05-04 16:30:00,2024-11-02 16:30:00,false
455,44,1,2024-07-17 11:15:00,2024-09-12 11:15:00,false
456,91,2,2025-04-09 11:15:00,2025-07-11 11:15:00,true
457,27,2,2025-03-11 14:30:00,2025-04-11 14:30:00,false
458,5,2,2024-11-08 10:15:00,2025-02-06 10:15:00,false
459,10,1,2024-03-09 10:15:00,2024-04-08 10:15:00,false
460,72,1,2024-10-16 17:00:00,2024-11-13 17:00:00,false
461,30,1,2024-10-08 12:00:00,2024-11-05 12:00:00,false
462,87,1,2025-02-02 15:30:00,2025-04-27 15:30:00,false
463,33,1,2025-06-24 14:00:00,2025-09-18 14:00:00,true
464,96,4,2025-03-17 08:45:00,2025-06-15 08:45:00,false
465,58,4,2025-01-22 17:45:00,2026-01-17 17:45:00,true
466,21,2,2024-10-26 09:15:00,2025-01-21 09:15:00,false
467,36,2,2024-09-16 12:00:00,2024-12-10 12:00:00,false
468,51,1,2025-06-26 15:15:00,2025-07-17 15:15:00,false
469,1,1,2025-01-21 10:00:00,2025-03-20 10:00:00,false
470,25,3,2025-02-20 14:45:00,2025-05-16 14:45:00,false
471,63,1,2024-09-07 17:30:00,2024-10-06 17:30:00,false
472,66,2,2024-10-22 11:00:00,2024-12-21 11:00:00,false
473,63,3,2025-04-06 13:45:00,2025-05-07 13:45:00,false
474,72,2,2025-05-17 10:15:00,2025-07-18 10:15:00,true
475,65,3,2025-01-20 17:45:00,2025-04-15 17:45:00,false
476,50,1,2025-03-20 10:45:00,2025-04-20 10:45:00,false
477,72,1,2024-12-10 14:15:00,2025-01-08 14:15:00,false
478,98,1,2025-05-22 10:45:00,2025-08-20 10:45:00,true
479,74,3,2024-01-08 12:15:00,2024-07-09 12:15:00,false
480,7,2,2024-01-02 13:00:00,2024-04-04 13:00:00,false
481,99,2,2024-12-08 13:45:00,2025-03-09 13:45:00,false
482,96,1,2024-06-21 11:45:00,2024-07-20 11:45:00,false
483,89,2,2024-05-27 11:30:00,2024-08-25 11:30:00,false
484,8,1,2025-01-13 13:00:00,2025-04-15 13:00:00,false
485,45,1,2025-06-03 16:30:00,2025-08-26 16:30:00,true
486,79,3,2025-01-04 14:15:00,2025-04-08 14:15:00,false
487,4,1,2025-04-26 16:00:00,2025-05-27 16:00:00,false
488,60,3,2025-06-15 17:00:00,2025-12-13 17:00:00,true
489,78,3,2024-11-08 10:45:00,2025-02-05 10:45:00,false
490,26,1,2024-10-03 16:00:00,2024-10-18 16:00:00,false
491,6,2,2025-06-11 08:45:00,2025-08-11 08:45:00,true
492,82,1,2024-03-26 10:15:00,2024-05-27 10:15:00,false
493,9,1,2024-03-26 10:45:00,2024-04-14 10:45:00,false
494,13,1,2024-10-09 15:15:00,2025-01-08 15:15:00,false
495,13,3,2024-10-08 09:15:00,2025-04-10 09:15:00,false
496,93,5,2025-02-01 10:30:00,2026-01-28 10:30:00,true
497,46,2,2025-05-22 17:30:00,2025-08-20 17:30:00,true
498,57,2,2025-04-14 12:30:00,2025-07-16 12:30:00,false
499,38,1,2025-02-27 12:30:00,2025-03-28 12:30:00,false
500,25,1,2025-06-24 08:00:00,2025-07-13 08:00:00,true
501,14,3,2024-08-11 12:45:00,2025-02-02 12:45:00,false
502,93,1,2025-06-09 09:30:00,2025-07-03 09:30:00,true
503,83,4,2024-09-03 10:30:00,2025-02-27 10:30:00,false
504,1,2,2024-10-05 14:30:00,2024-12-01 14:30:00,false
505,4,1,2024-07-25 12:15:00,2024-08-25 12:15:00,false
506,36,1,2024-01-01 16:30:00,2024-01-13 16:30:00,false
507,15,2,2024-06-24 10:30:00,2024-09-20 10:30:00,false
508,95,3,2024-11-25 16:30:00,2025-05-23 16:30:00,false
509,10,4,2025-01-23 11:45:00,2025-07-21 11:45:00,true
510,43,4,2024-04-24 09:30:00,2025-04-18 09:30:00,false
511,25,3,2025-05-01 15:15:00,2025-10-26 15:15:00,true
512,11,3,2024-06-01 16:15:00,2024-08-24 16:15:00,false
513,44,1,2024-07-15 12:45:00,2024-10-07 12:45:00,false
514,88,1,2025-01-20 16:30:00,2025-03-17 16:30:00,false
515,64,3,2025-04-22 16:45:00,2025-07-20 16:45:00,true
516,28,1,2025-03-09 14:45:00,2025-04-06 14:45:00,false
517,91,1,2024-03-05 11:00:00,2024-05-03 11:00:00,false
518,2,1,2024-07-24 10:45:00,2024-10-20 10:45:00,false
519,45,2,2024-11-03 08:15:00,2024-12-01 08:15:00,false
520,21,3,2025-01-25 15:30:00,2025-03-28 15:30:00,false
521,85,2,2024-02-18 11:45:00,2024-05-20 11:45:00,false
522,46,3,2025-03-01 13:15:00,2025-03-30 13:15:00,false
523,86,3,2024-11-20 11:15:00,2025-01-19 11:15:00,false
524,33,1,2025-06-15 15:30:00,2025-08-15 15:30:00,true
525,8,2,2025-03-12 11:15:00,2025-06-11 11:15:00,false
526,67,3,2025-03-27 15:30:00,2025-06-24 15:30:00,false
527,13,3,2024-07-26 14:45:00,2024-09-23 14:45:00,false
528,35,2,2024-11-08 13:00:00,2025-02-09 13:00:00,false
529,61,1,2024-06-15 17:45:00,2024-07-16 17:45:00,false
530,59,1,2024-10-23 14:15:00,2024-11-11 14:15:00,false
531,75,1,2025-04-28 10:45:00,2025-05-25 10:45:00,false
532,22,1,2025-04-07 10:15:00,2025-04-14 10:15:00,false
533,29,1,2024-04-05 13:30:00,2024-06-29 13:30:00,false
534,48,2,2025-01-02 16:45:00,2025-03-04 16:45:00,false
535,68,2,2024-01-16 14:15:00,2024-04-20 14:15:00,false
536,60,5,2024-09-02 13:15:00,2025-09-02 13:15:00,true
537,100,1,2025-01-02 10:00:00,2025-04-04 10:00:00,false
538,10,1,2024-10-19 09:00:00,2025-01-13 09:00:00,false
539,49,1,2025-05-16 14:15:00,2025-07-15 14:15:00,false
540,78,2,2025-05-05 11:30:00,2025-07-04 11:30:00,false
541,81,1,2024-08-08 08:00:00,2024-09-07 08:00:00,false
542,26,2,2025-02-06 14:30:00,2025-05-08 14:30:00,false
543,25,4,2024-11-17 13:45:00,2025-05-17 13:45:00,false
544,13,4,2024-06-14 12:45:00,2024-09-17 12:45:00,false
545,73,1,2025-02-05 17:45:00,2025-03-07 17:45:00,false
546,56,1,2024-04-28 14:45:00,2024-06-24 14:45:00,false
547,61,2,2024-01-10 11:45:00,2024-04-10 11:45:00,false
548,4,1,2024-12-28 11:00:00,2025-02-26 11:00:00,false
549,7,1,2024-02-14 16:00:00,2024-05-12 16:00:00,false
550,47,4,2024-12-21 08:30:00,2025-12-23 08:30:00,true
551,56,1,2025-05-13 15:00:00,2025-07-10 15:00:00,false
552,10,1,2025-04-09 08:15:00,2025-05-05 08:15:00,false
553,19,1,2025-03-03 10:45:00,2025-05-03 10:45:00,false
554,88,1,2025-06-21 10:30:00,2025-08-16 10:30:00,false
555,22,2,2024-12-04 14:30:00,2025-01-30 14:30:00,false
556,7,2,2025-02-22 11:45:00,2025-05-17 11:45:00,false
557,63,2,2025-02-01 16:45:00,2025-04-26 16:45:00,false
558,99,3,2024-04-04 13:00:00,2024-10-05 13:00:00,false
559,87,1,2024-05-14 11:30:00,2024-08-15 11:30:00,false
560,25,1,2024-06-17 15:30:00,2024-07-17 15:30:00,false
561,41,2,2025-04-11 11:00:00,2025-07-15 11:00:00,true
562,78,2,2025-06-04 08:45:00,2025-08-05 08:45:00,true
563,9,3,2025-06-01 13:45:00,2025-08-26 13:45:00,true
564,29,1,2024-10-26 17:45:00,2024-12-23 17:45:00,false
565,68,2,2024-08-08 13:45:00,2024-10-03 13:45:00,false
566,68,2,2025-04-28 08:30:00,2025-07-27 08:30:00,true
567,2,1,2025-01-07 16:30:00,2025-02-10 16:30:00,false
568,5,3,2025-06-28 13:45:00,2025-09-21 13:45:00,false
569,34,2,2024-04-26 08:15:00,2024-07-21 08:15:00,false
570,25,4,2024-06-12 13:45:00,2024-09-05 13:45:00,false
571,1,1,2024-05-17 08:30:00,2024-07-16 08:30:00,false
572,90,1,2025-03-02 14:45:00,2025-05-31 14:45:00,false
573,15,3,2025-03-06 13:15:00,2025-05-06 13:15:00,false
574,86,4,2024-03-19 12:00:00,2025-03-14 12:00:00,false
575,55,1,2025-06-15 15:45:00,2025-06-25 15:45:00,false
576,73,2,2024-03-22 11:45:00,2024-06-21 11:45:00,false
577,62,1,2024-11-10 08:30:00,2025-01-11 08:30:00,false
578,91,2,2024-01-07 14:15:00,2024-02-04 14:15:00,false
579,32,4,2025-05-10 10:15:00,2025-08-12 10:15:00,true
580,80,2,2025-06-28 14:30:00,2025-09-28 14:30:00,false
581,34,2,2025-03-05 16:45:00,2025-05-01 16:45:00,false
582,41,1,2025-02-01 15:15:00,2025-02-23 15:15:00,false
583,26,1,2024-07-03 13:45:00,2024-09-29 13:45:00,false
584,59,2,2025-02-14 09:15:00,2025-05-12 09:15:00,false
585,66,1,2024-10-13 08:30:00,2025-01-10 08:30:00,false
586,73,1,2025-01-22 10:45:00,2025-03-25 10:45:00,false
587,13,1,2024-02-20 16:00:00,2024-05-16 16:00:00,false
588,46,5,2025-05-24 12:45:00,2026-05-24 12:45:00,true
589,71,1,2024-06-03 17:15:00,2024-09-03 17:15:00,false
590,18,2,2024-01-02 08:45:00,2024-04-04 08:45:00,false
591,71,1,2025-02-19 12:30:00,2025-03-03 12:30:00,false
592,76,3,2024-09-16 16:45:00,2025-03-15 16:45:00,false
593,26,1,2024-12-09 14:00:00,2025-03-07 14:00:00,false
594,94,4,2025-02-10 13:45:00,2025-08-10 13:45:00,true
595,30,2,2024-01-07 15:45:00,2024-04-05 15:45:00,false
596,97,1,2025-05-21 10:00:00,2025-06-01 10:00:00,false
597,53,2,2024-08-18 08:15:00,2024-10-19 08:15:00,false
598,13,2,2025-01-18 09:15:00,2025-03-20 09:15:00,false
599,43,2,2025-03-11 15:15:00,2025-06-04 15:15:00,false
600,90,2,2025-05-18 09:30:00,2025-06-15 09:30:00,false
601,53,2,2024-04-27 08:15:00,2024-06-22 08:15:00,false
602,38,3,2025-05-14 15:30:00,2025-08-11 15:30:00,true
603,36,1,2024-10-18 12:00:00,2024-11-18 12:00:00,false
604,90,3,2024-07-25 13:00:00,2024-10-26 13:00:00,false
605,72,2,2024-10-14 12:15:00,2024-12-15 12:15:00,false
606,75,3,2024-06-12 11:30:00,2024-07-13 11:30:00,false
607,26,2,2024-08-24 13:00:00,2024-11-23 13:00:00,false
608,75,1,2024-11-02 13:00:00,2024-11-19 13:00:00,false
609,34,4,2025-06-23 11:15:00,2026-06-28 11:15:00,true
610,54,5,2025-05-23 09:45:00,2025-11-21 09:45:00,true
611,31,3,2024-12-11 09:30:00,2025-03-09 09:30:00,false
612,69,1,2024-05-18 14:00:00,2024-07-15 14:00:00,false
613,32,2,2024-07-16 15:15:00,2024-10-10 15:15:00,false
614,94,2,2024-07-21 14:15:00,2024-08-19 14:15:00,false
615,35,2,2025-05-15 14:15:00,2025-08-11 14:15:00,false
616,46,2,2025-03-04 16:30:00,2025-06-05 16:30:00,false
617,28,1,2025-06-07 10:00:00,2025-06-29 10:00:00,false
618,35,1,2025-01-15 13:45:00,2025-02-13 13:45:00,false
619,37,1,2024-11-02 09:00:00,2024-11-16 09:00:00,false
620,47,1,2025-04-12 14:15:00,2025-04-30 14:15:00,false
621,55,2,2024-01-13 16:45:00,2024-02-12 16:45:00,false
622,69,1,2024-09-16 11:45:00,2024-12-16 11:45:00,false
623,83,2,2025-01-20 17:30:00,2025-03-22 17:30:00,false
624,58,1,2024-05-06 10:00:00,2024-07-07 10:00:00,false
625,88,2,2024-06-26 12:45:00,2024-09-22 12:45:00,false
626,97,2,2025-04-02 09:45:00,2025-04-30 09:45:00,false
627,16,1,2025-01-17 10:45:00,2025-02-14 10:45:00,false
628,90,2,2025-04-06 10:45:00,2025-06-02 10:45:00,false
629,50,4,2025-02-16 14:30:00,2025-08-11 14:30:00,true
630,85,2,2024-05-20 12:00:00,2024-07-18 12:00:00,false
631,77,2,2025-02-07 15:45:00,2025-05-04 15:45:00,false
632,73,2,2025-05-03 09:45:00,2025-07-28 09:45:00,false
633,23,2,2024-10-05 08:45:00,2025-01-02 08:45:00,false
634,59,1,2025-03-15 12:45:00,2025-06-09 12:45:00,false
635,29,3,2024-01-02 16:45:00,2024-03-04 16:45:00,false
636,69,1,2025-04-06 09:15:00,2025-05-02 09:15:00,false
637,55,1,2024-10-08 13:00:00,2025-01-07 13:00:00,false
638,20,1,2024-07-16 09:00:00,2024-07-24 09:00:00,false
639,99,1,2024-08-07 16:45:00,2024-11-07 16:45:00,false
640,47,2,2024-08-23 13:15:00,2024-09-20 13:15:00,false
641,53,2,2025-01-03 15:30:00,2025-03-04 15:30:00,false
642,12,2,2024-02-06 14:45:00,2024-05-02 14:45:00,false
643,87,1,2025-03-24 17:15:00,2025-04-26 17:15:00,false
644,93,2,2025-02-28 10:15:00,2025-03-29 10:15:00,false
645,75,2,2024-09-03 13:15:00,2024-11-02 13:15:00,false
646,71,4,2025-01-28 16:45:00,2025-05-03 16:45:00,false
647,87,2,2025-02-16 11:45:00,2025-05-19 11:45:00,false
648,50,1,2024-08-06 08:15:00,2024-10-07 08:15:00,false
649,60,2,2024-08-22 10:00:00,2024-11-15 10:00:00,false
650,37,2,2025-03-03 15:15:00,2025-05-27 15:15:00,false
651,93,2,2024-04-07 11:15:00,2024-07-01 11:15:00,false
652,14,4,2025-02-08 10:30:00,2026-02-01 10:30:00,true
653,42,2,2024-10-21 08:30:00,2025-01-24 08:30:00,false
654,77,2,2024-03-25 16:00:00,2024-06-21 16:00:00,false
655,29,2,2024-10-06 14:00:00,2025-01-01 14:00:00,false
656,15,4,2024-06-17 11:00:00,2024-09-18 11:00:00,false
657,58,1,2024-11-24 13:15:00,2024-12-24 13:15:00,false
658,40,1,2024-11-24 09:00:00,2024-12-22 09:00:00,false
659,47,1,2024-08-13 10:00:00,2024-11-09 10:00:00,false
660,57,2,2025-06-15 12:45:00,2025-08-13 12:45:00,true
661,51,5,2024-04-24 16:00:00,2025-04-19 16:00:00,false
662,32,2,2024-03-12 08:15:00,2024-06-10 08:15:00,false
663,92,2,2025-02-01 17:45:00,2025-05-02 17:45:00,false
664,8,1,2024-08-28 15:45:00,2024-09-25 15:45:00,false
665,2,3,2024-05-15 09:30:00,2024-08-14 09:30:00,false
666,88,1,2024-01-04 11:15:00,2024-01-15 11:15:00,false
667,100,3,2025-03-18 17:45:00,2025-06-20 17:45:00,false
668,94,2,2024-03-13 13:15:00,2024-06-12 13:15:00,false
669,77,1,2025-06-07 14:15:00,2025-07-04 14:15:00,true
670,59,2,2025-06-01 11:45:00,2025-08-26 11:45:00,false
671,11,2,2024-06-19 09:15:00,2024-07-19 09:15:00,false
672,68,2,2025-03-05 08:45:00,2025-06-04 08:45:00,false
673,34,1,2024-08-12 13:00:00,2024-09-01 13:00:00,false
674,25,1,2025-02-20 14:00:00,2025-03-21 14:00:00,false
675,12,3,2024-12-15 09:00:00,2025-03-11 09:00:00,false
676,17,2,2025-03-19 13:15:00,2025-06-14 13:15:00,false
677,61,2,2024-08-06 17:30:00,2024-09-06 17:30:00,false
678,39,2,2025-01-05 13:30:00,2025-03-07 13:30:00,false
679,11,1,2025-02-07 16:30:00,2025-04-09 16:30:00,false
680,89,1,2025-01-22 08:00:00,2025-04-21 08:00:00,false
681,25,1,2024-08-22 13:45:00,2024-11-15 13:45:00,false
682,71,2,2025-03-28 17:45:00,2025-05-29 17:45:00,false
683,4,1,2025-02-06 11:30:00,2025-03-08 11:30:00,false
684,15,1,2025-03-02 11:45:00,2025-04-02 11:45:00,false
685,96,1,2024-08-16 12:15:00,2024-11-10 12:15:00,false
686,89,1,2025-06-25 17:30:00,2025-07-26 17:30:00,false
687,21,2,2024-01-24 15:15:00,2024-04-23 15:15:00,false
688,75,2,2025-01-11 12:45:00,2025-03-10 12:45:00,false
689,38,2,2025-02-17 16:45:00,2025-04-16 16:45:00,false
690,90,2,2024-07-03 12:45:00,2024-08-30 12:45:00,false
691,17,1,2025-03-24 12:00:00,2025-05-22 12:00:00,false
692,79,4,2024-09-14 16:15:00,2024-12-08 16:15:00,false
693,33,2,2024-01-05 10:45:00,2024-04-03 10:45:00,false
694,82,1,2024-01-22 12:00:00,2024-03-20 12:00:00,false
695,34,1,2025-01-09 11:15:00,2025-01-16 11:15:00,false
696,7,1,2025-05-07 15:15:00,2025-06-06 15:15:00,false
697,13,2,2024-01-23 16:45:00,2024-04-20 16:45:00,false
698,88,2,2025-06-15 08:30:00,2025-08-13 08:30:00,true
699,7,1,2025-02-27 09:30:00,2025-05-30 09:30:00,false
700,31,1,2025-05-21 08:00:00,2025-07-19 08:00:00,false
701,65,2,2025-03-04 14:15:00,2025-05-03 14:15:00,false
702,41,1,2025-04-19 17:30:00,2025-05-19 17:30:00,false
703,39,1,2025-06-03 13:30:00,2025-08-02 13:30:00,true
704,51,1,2025-03-12 15:45:00,2025-05-09 15:45:00,false
705,62,3,2024-03-16 08:30:00,2024-04-13 08:30:00,false
706,67,1,2024-03-03 12:15:00,2024-03-31 12:15:00,false
707,18,2,2025-01-26 10:15:00,2025-04-22 10:15:00,false
708,28,5,2024-03-23 11:00:00,2025-03-24 11:00:00,false
709,29,2,2024-05-20 15:45:00,2024-07-19 15:45:00,false
710,74,4,2024-09-07 10:30:00,2025-03-11 10:30:00,false
711,23,4,2024-07-20 12:15:00,2024-10-23 12:15:00,false
712,21,2,2025-01-01 15:30:00,2025-02-01 15:30:00,false
713,38,3,2025-06-14 11:15:00,2025-08-09 11:15:00,true
714,26,2,2025-06-04 16:30:00,2025-07-02 16:30:00,false
715,2,2,2024-12-27 11:15:00,2025-03-29 11:15:00,false
716,77,1,2025-04-12 08:15:00,2025-07-12 08:15:00,false
717,77,2,2025-06-28 11:00:00,2025-08-26 11:00:00,true
718,92,1,2025-01-01 16:00:00,2025-03-30 16:00:00,false
719,8,1,2025-01-11 15:15:00,2025-01-27 15:15:00,false
720,46,2,2025-03-08 15:30:00,2025-06-09 15:30:00,false
721,64,2,2025-03-12 14:15:00,2025-04-12 14:15:00,false
722,17,3,2025-06-27 09:00:00,2025-09-22 09:00:00,true
723,65,2,2025-03-15 17:30:00,2025-05-13 17:30:00,false
724,99,2,2024-06-21 17:00:00,2024-07-20 17:00:00,false
725,51,2,2025-04-28 15:00:00,2025-06-26 15:00:00,false
726,75,2,2025-03-15 15:00:00,2025-04-12 15:00:00,false
727,98,1,2025-01-25 15:15:00,2025-04-24 15:15:00,false
728,22,2,2024-11-23 10:30:00,2025-01-21 10:30:00,false
729,76,2,2025-04-17 14:00:00,2025-06-14 14:00:00,false
730,13,5,2025-01-16 13:45:00,2026-01-10 13:45:00,true
731,41,2,2024-09-18 10:00:00,2024-12-22 10:00:00,false
732,63,3,2025-02-06 16:45:00,2025-07-31 16:45:00,true
733,64,1,2025-05-25 13:45:00,2025-06-24 13:45:00,false
734,94,3,2025-01-25 12:30:00,2025-04-24 12:30:00,false
735,41,2,2024-11-06 16:00:00,2025-01-29 16:00:00,false
736,22,1,2025-03-01 13:45:00,2025-05-30 13:45:00,false
737,15,2,2024-06-25 14:45:00,2024-08-25 14:45:00,false
738,21,1,2025-03-26 11:45:00,2025-04-09 11:45:00,false
739,31,3,2025-02-09 16:15:00,2025-08-06 16:15:00,true
740,1,2,2024-02-23 09:15:00,2024-04-20 09:15:00,false
741,54,4,2025-05-27 17:00:00,2025-11-23 17:00:00,true
742,65,1,2024-03-16 08:00:00,2024-05-15 08:00:00,false
743,90,1,2024-02-07 09:00:00,2024-05-08 09:00:00,false
744,3,1,2025-06-20 13:45:00,2025-08-19 13:45:00,true
745,29,2,2024-06-03 11:00:00,2024-09-02 11:00:00,false
746,3,2,2025-02-20 17:15:00,2025-03-21 17:15:00,false
747,24,1,2025-02-27 12:30:00,2025-03-10 12:30:00,false
748,73,1,2024-06-10 15:15:00,2024-06-28 15:15:00,false
749,42,3,2025-03-22 11:00:00,2025-05-21 11:00:00,false
750,39,2,2024-10-05 16:45:00,2024-12-03 16:45:00,false
751,5,3,2024-06-16 11:30:00,2024-07-16 11:30:00,false
752,53,3,2024-10-09 14:00:00,2025-01-06 14:00:00,false
753,44,1,2025-01-09 12:15:00,2025-04-04 12:15:00,false
754,81,3,2024-10-23 11:15:00,2024-12-18 11:15:00,false
755,27,1,2024-11-04 09:00:00,2024-12-02 09:00:00,false
756,12,4,2025-02-03 09:00:00,2025-05-03 09:00:00,false
757,53,1,2025-02-14 09:30:00,2025-02-28 09:30:00,false
758,17,3,2024-10-15 16:45:00,2024-11-15 16:45:00,false
759,50,1,2025-04-27 09:15:00,2025-05-28 09:15:00,false
760,24,2,2025-02-02 12:45:00,2025-05-02 12:45:00,false
761,75,1,2024-09-24 10:30:00,2024-11-21 10:30:00,false
762,65,2,2025-02-01 16:15:00,2025-04-30 16:15:00,false
763,9,1,2025-06-19 14:45:00,2025-07-19 14:45:00,true
764,87,2,2024-05-06 12:15:00,2024-08-09 12:15:00,false
765,73,4,2024-07-02 12:15:00,2024-10-02 12:15:00,false
766,18,2,2025-06-11 16:30:00,2025-09-05 16:30:00,true
767,48,1,2024-12-19 17:30:00,2025-03-18 17:30:00,false
768,58,1,2024-10-14 10:00:00,2024-10-29 10:00:00,false
769,21,3,2024-12-24 16:15:00,2025-02-20 16:15:00,false
770,74,3,2025-01-11 08:30:00,2025-04-11 08:30:00,false
771,77,2,2025-01-06 08:15:00,2025-04-08 08:15:00,false
772,2,1,2025-01-22 08:45:00,2025-03-24 08:45:00,false
773,46,1,2024-07-19 11:30:00,2024-08-16 11:30:00,false
774,43,1,2024-10-21 10:45:00,2024-11-09 10:45:00,false
775,53,2,2025-03-18 16:15:00,2025-06-19 16:15:00,false
776,29,2,2025-01-04 10:45:00,2025-02-03 10:45:00,false
777,10,3,2024-09-19 15:15:00,2025-03-14 15:15:00,false
778,36,2,2025-01-08 11:15:00,2025-03-07 11:15:00,false
779,17,4,2025-06-27 14:00:00,2025-09-27 14:00:00,true
780,4,2,2024-06-16 15:30:00,2024-07-17 15:30:00,false
781,10,3,2024-10-15 13:15:00,2024-12-15 13:15:00,false
782,90,2,2024-12-24 12:45:00,2025-01-21 12:45:00,false
783,25,3,2024-07-15 16:45:00,2024-10-10 16:45:00,false
784,71,4,2025-05-19 16:00:00,2025-08-12 16:00:00,true
785,66,3,2025-03-14 15:30:00,2025-05-13 15:30:00,false
786,89,2,2024-06-25 13:30:00,2024-08-26 13:30:00,false
787,37,2,2024-11-16 16:15:00,2025-01-14 16:15:00,false
788,74,2,2025-03-27 17:30:00,2025-05-26 17:30:00,false
789,96,3,2025-03-06 16:30:00,2025-05-29 16:30:00,false
790,44,3,2024-04-08 15:30:00,2024-07-01 15:30:00,false
791,57,2,2024-07-28 11:00:00,2024-09-24 11:00:00,false
792,83,2,2024-08-19 10:00:00,2024-11-11 10:00:00,false
793,23,1,2025-04-18 09:30:00,2025-05-16 09:30:00,false
794,64,2,2024-05-25 12:45:00,2024-07-26 12:45:00,false
795,95,1,2024-03-09 10:30:00,2024-05-10 10:30:00,false
796,51,2,2025-05-19 16:15:00,2025-07-14 16:15:00,true
797,77,2,2024-12-09 08:00:00,2025-02-09 08:00:00,false
798,70,1,2024-12-26 14:45:00,2025-03-28 14:45:00,false
799,61,3,2025-03-18 08:45:00,2025-05-15 08:45:00,false
800,74,2,2025-04-06 10:15:00,2025-07-02 10:15:00,true
801,100,2,2024-09-06 13:15:00,2024-10-06 13:15:00,false
802,73,2,2025-06-22 16:00:00,2025-08-19 16:00:00,true
803,11,1,2024-03-02 08:15:00,2024-05-01 08:15:00,false
804,88,1,2025-03-17 12:30:00,2025-05-14 12:30:00,false
805,14,1,2025-04-21 17:45:00,2025-05-22 17:45:00,false
806,23,2,2024-06-04 08:45:00,2024-07-03 08:45:00,false
807,82,2,2024-02-15 14:30:00,2024-05-14 14:30:00,false
808,66,1,2024-12-16 15:30:00,2025-01-08 15:30:00,false
809,69,3,2025-01-22 13:00:00,2025-04-20 13:00:00,false
810,36,2,2024-08-15 11:00:00,2024-10-10 11:00:00,false
811,77,1,2025-04-14 12:00:00,2025-05-14 12:00:00,false
812,1,1,2025-06-11 11:30:00,2025-09-12 11:30:00,true
813,82,2,2024-09-02 17:00:00,2024-10-28 17:00:00,false
814,74,2,2025-05-09 09:00:00,2025-06-08 09:00:00,false
815,28,1,2025-02-22 12:45:00,2025-03-07 12:45:00,false
816,50,2,2025-04-23 16:15:00,2025-07-21 16:15:00,true
817,74,1,2024-10-03 13:00:00,2024-12-01 13:00:00,false
818,18,2,2025-01-18 13:15:00,2025-04-22 13:15:00,false
819,10,2,2025-05-10 12:30:00,2025-08-13 12:30:00,true
820,62,2,2025-06-11 11:15:00,2025-09-07 11:15:00,false
821,21,1,2025-04-27 12:15:00,2025-05-21 12:15:00,false
822,82,2,2025-06-05 10:15:00,2025-08-30 10:15:00,true
823,42,2,2024-07-05 09:00:00,2024-08-04 09:00:00,false
824,88,4,2024-06-16 13:30:00,2025-06-12 13:30:00,false
825,63,1,2024-03-11 11:30:00,2024-05-11 11:30:00,false
826,72,2,2024-10-26 13:00:00,2024-11-24 13:00:00,false
827,12,2,2024-12-27 09:15:00,2025-03-23 09:15:00,false
828,10,1,2025-04-23 12:15:00,2025-05-07 12:15:00,false
829,11,1,2024-10-01 16:30:00,2024-11-30 16:30:00,false
830,100,1,2024-02-01 13:15:00,2024-02-29 13:15:00,false
831,87,2,2025-04-18 09:15:00,2025-05-19 09:15:00,false
832,33,1,2024-11-23 12:15:00,2024-12-04 12:15:00,false
833,95,4,2025-06-27 12:00:00,2025-09-28 12:00:00,true
834,4,2,2025-01-14 16:15:00,2025-04-13 16:15:00,false
835,98,1,2025-06-09 08:45:00,2025-07-06 08:45:00,true
836,60,1,2025-05-19 08:45:00,2025-05-28 08:45:00,false
837,52,3,2025-04-08 09:45:00,2025-07-02 09:45:00,true
838,58,2,2025-03-16 13:15:00,2025-05-11 13:15:00,false
839,45,4,2024-10-08 16:45:00,2025-01-11 16:45:00,false
840,55,1,2025-02-11 16:30:00,2025-03-08 16:30:00,false
841,50,1,2024-01-20 09:45:00,2024-02-24 09:45:00,false
842,72,1,2024-07-18 11:00:00,2024-09-13 11:00:00,false
843,55,3,2024-09-22 17:15:00,2024-12-21 17:15:00,false
844,50,1,2024-12-03 08:45:00,2025-03-01 08:45:00,false
845,18,2,2024-12-22 08:30:00,2025-01-22 08:30:00,false
846,73,1,2024-04-16 15:00:00,2024-04-23 15:00:00,false
847,24,3,2024-05-18 16:45:00,2024-07-16 16:45:00,false
848,44,4,2024-09-11 16:15:00,2025-03-09 16:15:00,false
849,51,1,2024-08-27 16:30:00,2024-10-28 16:30:00,false
850,17,3,2025-06-14 14:15:00,2025-08-10 14:15:00,true
851,75,1,2025-01-04 13:15:00,2025-02-08 13:15:00,false
852,15,2,2024-12-05 15:00:00,2025-01-03 15:00:00,false
853,20,1,2024-03-06 16:00:00,2024-03-21 16:00:00,false
854,57,3,2024-04-25 13:15:00,2024-05-24 13:15:00,false
855,31,1,2025-04-09 13:15:00,2025-06-10 13:15:00,false
856,56,3,2024-09-04 11:15:00,2024-12-06 11:15:00,false
857,25,2,2024-12-07 17:15:00,2025-03-02 17:15:00,false
858,46,3,2024-11-22 15:45:00,2024-12-20 15:45:00,false
859,78,3,2025-04-23 09:00:00,2025-07-22 09:00:00,true
860,10,2,2024-04-27 09:00:00,2024-07-26 09:00:00,false
861,58,1,2024-10-04 08:30:00,2024-11-29 08:30:00,false
862,46,3,2024-05-07 10:00:00,2024-11-06 10:00:00,false
863,1,2,2025-06-22 14:00:00,2025-08-17 14:00:00,true
864,38,1,2025-03-07 13:00:00,2025-04-07 13:00:00,false
865,96,1,2024-07-08 11:15:00,2024-08-06 11:15:00,false
866,33,2,2025-06-08 14:00:00,2025-09-09 14:00:00,true
867,95,1,2025-04-19 12:45:00,2025-07-12 12:45:00,true
868,15,1,2025-05-04 09:30:00,2025-06-03 09:30:00,false
869,19,1,2024-05-06 16:15:00,2024-05-18 16:15:00,false
870,87,1,2025-05-06 16:45:00,2025-08-07 16:45:00,false
871,6,1,2025-01-27 15:45:00,2025-03-25 15:45:00,false
872,99,4,2025-05-16 10:15:00,2026-05-12 10:15:00,true
873,22,1,2025-02-24 11:30:00,2025-03-09 11:30:00,false
874,13,3,2024-11-14 08:45:00,2025-01-15 08:45:00,false
875,11,3,2024-03-22 09:45:00,2024-04-19 09:45:00,false
876,44,3,2025-04-04 15:00:00,2025-06-28 15:00:00,false
877,9,4,2024-09-24 17:15:00,2024-12-19 17:15:00,false
878,35,2,2025-06-25 15:45:00,2025-09-25 15:45:00,true
879,5,4,2025-02-21 16:00:00,2025-08-24 16:00:00,true
880,39,5,2025-06-10 17:15:00,2026-06-09 17:15:00,true
881,84,1,2024-10-06 11:30:00,2024-12-04 11:30:00,false
882,51,1,2025-04-25 12:30:00,2025-05-26 12:30:00,false
883,26,1,2024-04-25 14:45:00,2024-06-24 14:45:00,false
884,67,2,2025-02-22 15:30:00,2025-05-20 15:30:00,false
885,37,1,2024-07-27 14:45:00,2024-08-25 14:45:00,false
886,56,2,2025-01-08 14:45:00,2025-04-03 14:45:00,false
887,98,2,2025-05-23 14:45:00,2025-08-20 14:45:00,true
888,9,1,2025-02-05 10:30:00,2025-04-03 10:30:00,false
889,76,3,2025-04-21 11:45:00,2025-07-17 11:45:00,true
890,85,1,2025-04-22 15:45:00,2025-07-23 15:45:00,true
891,18,1,2024-03-05 11:15:00,2024-04-06 11:15:00,false
892,45,2,2025-04-06 16:30:00,2025-07-03 16:30:00,false
893,98,2,2025-05-15 15:00:00,2025-07-10 15:00:00,true
894,75,2,2024-01-05 15:00:00,2024-02-05 15:00:00,false
895,27,3,2024-02-15 15:15:00,2024-05-14 15:15:00,false
896,44,2,2025-02-24 08:15:00,2025-03-25 08:15:00,false
897,41,2,2024-03-01 14:15:00,2024-04-27 14:15:00,false
898,41,3,2024-06-03 10:00:00,2024-12-04 10:00:00,false
899,46,1,2024-12-09 12:30:00,2025-02-08 12:30:00,false
900,91,2,2024-10-17 14:45:00,2025-01-18 14:45:00,false
901,28,3,2024-10-10 15:30:00,2025-01-05 15:30:00,false
902,30,1,2024-06-07 13:45:00,2024-07-12 13:45:00,false
903,19,5,2024-07-03 16:30:00,2025-07-06 16:30:00,true
904,33,2,2024-08-27 10:45:00,2024-11-27 10:45:00,false
905,93,2,2024-01-04 13:15:00,2024-04-06 13:15:00,false
906,46,2,2024-04-23 13:30:00,2024-07-17 13:30:00,false
907,12,2,2024-05-04 08:00:00,2024-07-31 08:00:00,false
908,71,4,2024-10-13 08:00:00,2025-01-07 08:00:00,false
909,8,2,2024-12-04 16:15:00,2025-01-04 16:15:00,false
910,37,4,2024-08-06 09:45:00,2025-02-05 09:45:00,false
911,71,1,2025-01-17 15:15:00,2025-01-31 15:15:00,false
912,3,3,2024-03-07 10:15:00,2024-06-08 10:15:00,false
913,78,1,2025-01-13 16:45:00,2025-02-10 16:45:00,false
914,49,2,2025-02-27 09:15:00,2025-04-26 09:15:00,false
915,44,2,2025-06-26 08:45:00,2025-09-22 08:45:00,true
916,40,1,2024-09-21 15:00:00,2024-10-13 15:00:00,false
917,69,3,2024-07-06 13:15:00,2024-08-06 13:15:00,false
918,85,2,2024-12-05 13:15:00,2025-01-30 13:15:00,false
919,5,1,2025-05-11 13:30:00,2025-06-09 13:30:00,false
920,39,2,2024-02-26 16:30:00,2024-05-27 16:30:00,false
921,17,1,2024-03-07 14:30:00,2024-05-06 14:30:00,false
922,91,3,2024-10-18 10:30:00,2025-01-12 10:30:00,false
923,38,1,2025-02-24 17:00:00,2025-03-26 17:00:00,false
924,26,2,2025-04-19 13:00:00,2025-07-20 13:00:00,true
925,11,3,2025-05-06 10:00:00,2025-06-06 10:00:00,false
926,13,3,2025-02-15 12:00:00,2025-05-18 12:00:00,false
927,59,3,2024-07-10 13:45:00,2024-10-09 13:45:00,false
928,54,1,2024-05-05 14:30:00,2024-07-02 14:30:00,false
929,99,1,2024-01-19 12:00:00,2024-03-19 12:00:00,false
930,3,1,2025-01-19 13:30:00,2025-04-14 13:30:00,false
931,54,2,2025-05-01 09:15:00,2025-06-26 09:15:00,false
932,85,2,2025-06-28 15:00:00,2025-09-24 15:00:00,true
933,77,1,2024-03-27 14:30:00,2024-04-12 14:30:00,false
934,36,1,2024-12-11 15:45:00,2025-01-08 15:45:00,false
935,36,1,2025-01-28 11:30:00,2025-04-30 11:30:00,false
936,22,4,2024-05-23 08:45:00,2024-11-21 08:45:00,false
937,73,1,2024-08-04 15:45:00,2024-08-22 15:45:00,false
938,58,2,2025-05-24 17:30:00,2025-08-17 17:30:00,true
939,43,2,2025-06-06 11:45:00,2025-07-06 11:45:00,true
940,24,5,2025-06-24 16:00:00,2025-12-17 16:00:00,true
941,66,1,2025-01-22 17:15:00,2025-04-17 17:15:00,false
942,84,1,2025-01-18 13:45:00,2025-02-15 13:45:00,false
943,45,3,2025-05-24 12:00:00,2025-07-19 12:00:00,true
944,76,1,2025-02-08 17:30:00,2025-02-16 17:30:00,false
945,44,4,2025-03-20 14:45:00,2025-09-17 14:45:00,true
946,28,1,2025-02-16 17:15:00,2025-05-13 17:15:00,false
947,80,2,2025-06-11 17:30:00,2025-09-10 17:30:00,false
948,56,1,2024-01-14 17:15:00,2024-01-21 17:15:00,false
949,76,2,2024-10-19 12:45:00,2024-12-19 12:45:00,false
950,18,1,2024-08-23 10:00:00,2024-11-23 10:00:00,false
951,86,1,2024-07-08 10:15:00,2024-08-09 10:15:00,false
952,74,1,2024-05-22 15:45:00,2024-08-16 15:45:00,false
953,87,1,2024-06-25 13:00:00,2024-07-24 13:00:00,false
954,97,5,2025-02-05 17:30:00,2026-02-03 17:30:00,true
955,49,5,2025-02-15 16:00:00,2026-02-13 16:00:00,true
956,12,3,2024-02-23 17:30:00,2024-05-23 17:30:00,false
957,48,1,2025-04-12 17:15:00,2025-05-10 17:15:00,false
958,35,1,2025-04-03 14:00:00,2025-05-03 14:00:00,false
959,43,3,2024-09-02 12:00:00,2024-12-06 12:00:00,false
960,96,1,2025-01-05 17:00:00,2025-03-04 17:00:00,false
961,53,1,2024-11-22 17:00:00,2025-01-17 17:00:00,false
962,37,1,2024-02-15 14:00:00,2024-04-16 14:00:00,false
963,75,1,2025-03-17 15:00:00,2025-04-14 15:00:00,false
964,10,1,2024-08-22 12:30:00,2024-09-21 12:30:00,false
965,54,3,2025-02-13 10:45:00,2025-05-14 10:45:00,false
966,46,2,2025-01-19 11:15:00,2025-02-18 11:15:00,false
967,57,2,2025-05-08 09:00:00,2025-07-06 09:00:00,true
968,77,1,2025-04-01 08:30:00,2025-04-27 08:30:00,false
969,99,2,2024-06-17 13:45:00,2024-07-17 13:45:00,false
970,30,2,2024-10-27 08:00:00,2024-11-26 08:00:00,false
971,33,1,2024-09-20 16:15:00,2024-10-18 16:15:00,false
972,24,4,2024-03-25 15:00:00,2024-06-24 15:00:00,false
973,61,1,2025-02-06 15:30:00,2025-03-05 15:30:00,false
974,29,4,2025-04-21 12:15:00,2025-07-17 12:15:00,true
975,58,1,2025-06-05 16:00:00,2025-08-04 16:00:00,false
976,78,1,2024-03-12 10:15:00,2024-06-10 10:15:00,false
977,24,1,2024-08-05 17:00:00,2024-11-01 17:00:00,false
978,87,2,2024-03-27 17:45:00,2024-06-24 17:45:00,false
979,73,3,2024-10-20 14:00:00,2024-12-21 14:00:00,false
980,63,2,2025-06-09 11:15:00,2025-09-09 11:15:00,true
981,44,2,2024-08-12 11:45:00,2024-11-12 11:45:00,false
982,99,1,2024-03-27 12:00:00,2024-05-26 12:00:00,false
983,58,1,2025-05-07 09:00:00,2025-08-02 09:00:00,false
984,68,1,2025-01-04 16:30:00,2025-01-20 16:30:00,false
985,90,2,2024-10-18 15:45:00,2025-01-17 15:45:00,false
986,45,1,2025-06-11 14:30:00,2025-08-07 14:30:00,true
987,30,2,2025-05-09 12:45:00,2025-08-04 12:45:00,true
988,97,1,2024-08-05 16:15:00,2024-08-12 16:15:00,false
989,75,1,2025-01-13 09:45:00,2025-02-11 09:45:00,false
990,69,1,2024-08-09 17:30:00,2024-10-06 17:30:00,false
991,18,2,2024-06-14 17:45:00,2024-09-17 17:45:00,false
992,61,1,2025-05-08 09:30:00,2025-06-07 09:30:00,false
993,92,2,2024-09-01 08:45:00,2024-11-28 08:45:00,false
994,60,1,2025-06-21 10:00:00,2025-08-18 10:00:00,false
995,73,1,2025-03-10 14:30:00,2025-06-10 14:30:00,false
996,24,1,2024-10-24 10:45:00,2024-11-23 10:45:00,false
997,5,4,2024-12-25 17:00:00,2025-03-27 17:00:00,false
998,80,1,2024-04-27 16:00:00,2024-05-25 16:00:00,false
999,28,4,2024-09-08 09:00:00,2024-12-08 09:00:00,false
1000,59,1,2024-10-08 12:30:00,2025-01-06 12:30:00,false
