id,first_name,last_name,created
1,Michael,P.,2017-01-30 06:00:00
2,Shawn,M.,2017-01-30 10:00:00
3,Kathleen,P.,2017-01-30 01:00:00
4,Jimmy,C.,2017-03-30 02:00:00
5,Katherine,R.,2017-02-10 03:00:00
6,Sarah,R.,2017-01-30 11:00:00
7,Martin,M.,2017-01-30 11:00:00
8,Frank,R.,2017-01-30 11:00:00
9,Jennifer,F.,2017-01-30 11:00:00
10,Henry,W.,2017-01-30 11:00:00
11,Fred,S.,2017-01-30 11:00:00
12,Amy,D.,2017-01-30 11:00:00
13,Kathleen,M.,2017-01-30 11:00:00
14,Steve,F.,2017-01-30 11:00:00
15,Teresa,H.,2017-01-30 11:00:00
16,Amanda,H.,2017-01-30 11:00:00
17,Kimberly,R.,2017-01-30 11:00:00
18,Johnny,K.,2017-01-30 11:00:00
19,Virginia,F.,2017-01-30 11:00:00
20,Anna,A.,2017-01-30 11:00:00
21,Willie,H.,2017-01-30 11:00:00
22,Sean,H.,2017-01-30 11:00:00
23,Mildred,A.,2017-01-30 11:00:00
24,David,G.,2017-01-30 11:00:00
25,Victor,H.,2017-01-30 11:00:00
26,Aaron,R.,2017-01-30 11:00:00
27,Benjamin,B.,2017-01-30 11:00:00
28,Lisa,W.,2017-01-30 11:00:00
29,Benjamin,K.,2017-01-30 11:00:00
30,Christina,W.,2017-01-30 11:00:00
31,Jane,G.,2017-01-30 11:00:00
32,Thomas,O.,2017-01-30 11:00:00
33,Katherine,M.,2017-01-30 11:00:00
34,Jennifer,S.,2017-01-30 11:00:00
35,Sara,T.,2017-01-30 11:00:00
36,Harold,O.,2017-01-30 11:00:00
37,Shirley,J.,2017-01-30 11:00:00
38,Dennis,J.,2017-01-30 11:00:00
39,Louise,W.,2017-01-30 11:00:00
40,Maria,A.,2017-01-30 11:00:00
41,Gloria,C.,2017-01-30 11:00:00
42,Diana,S.,2017-01-30 11:00:00
43,Kelly,N.,2017-01-30 11:00:00
44,Jane,R.,2017-01-30 11:00:00
45,Scott,B.,2017-01-30 11:00:00
46,Norma,C.,2017-01-30 11:00:00
47,Marie,P.,2017-01-30 11:00:00
48,Lillian,C.,2017-01-30 11:00:00
49,Judy,N.,2017-01-30 11:00:00
50,Billy,L.,2017-01-30 11:00:00
51,Howard,R.,2017-01-30 11:00:00
52,Laura,F.,2017-01-30 11:00:00
53,Anne,B.,2017-01-30 11:00:00
54,Rose,M.,2017-01-30 11:00:00
55,Nicholas,R.,2017-01-30 11:00:00
56,Joshua,K.,2017-01-30 11:00:00
57,Paul,W.,2017-01-30 11:00:00
58,Kathryn,K.,2017-01-30 11:00:00
59,Adam,A.,2017-01-30 11:00:00
60,Norma,W.,2017-01-30 11:00:00
61,Timothy,R.,2017-01-30 11:00:00
62,Elizabeth,P.,2017-01-30 11:00:00
63,Edward,G.,2017-01-30 11:00:00
64,David,C.,2017-01-30 11:00:00
65,Brenda,W.,2017-01-30 11:00:00
66,Adam,W.,2017-02-11 03:00:00
67,Michael,H.,2017-01-30 11:00:00
68,Jesse,E.,2017-01-30 10:00:00
69,Janet,P.,2017-01-30 11:00:00
70,Helen,F.,2017-02-10 03:00:00
71,Gerald,C.,2017-01-30 11:00:00
72,Kathryn,O.,2017-01-28 11:00:00
73,Alan,B.,2017-01-30 11:00:00
74,Harry,A.,2017-01-30 10:00:00
75,Andrea,H.,2017-01-24 11:00:00
76,Barbara,W.,2017-01-30 11:00:00
77,Anne,W.,2017-01-30 11:00:00
78,Harry,H.,2017-01-30 11:00:00
79,Jack,R.,2017-01-30 06:00:00
80,Phillip,H.,2017-01-15 11:00:00
81,Shirley,H.,2017-02-10 03:00:00
82,Arthur,D.,2017-01-30 11:00:00
83,Virginia,R.,2017-01-30 11:00:00
84,Christina,R.,2017-01-30 11:00:00
85,Theresa,M.,2017-01-30 11:00:00
86,Jason,C.,2017-01-30 11:00:00
87,Phillip,B.,2017-01-30 01:00:00
88,Adam,T.,2017-01-30 11:00:00
89,Margaret,J.,2017-01-30 11:00:00
90,Paul,P.,2017-01-30 11:00:00
91,Todd,W.,2017-02-10 03:00:00
92,Willie,O.,2017-01-30 11:00:00
93,Frances,R.,2017-01-18 11:00:00
94,Gregory,H.,2017-01-30 03:00:00
95,Lisa,P.,2017-01-30 11:00:00
96,Jacqueline,A.,2017-01-30 11:00:00
97,Shirley,D.,2017-01-30 11:00:00
98,Nicole,M.,2017-01-30 11:00:00
99,Mary,G.,2017-01-19 11:00:00
100,"Quo'te",C.,2017-01-30 07:07:07
101,null,null,2017-02-01 01:01:01
